datetime,temperature,humidity,weather_code,season,is_thunder,day_type,time_slot,occupancy_rate,special_event,total_load_kw,total_current_a,supply_voltage_v,panel_status,accident_type,accident_circuit,accident_severity,current_multiplier,voltage_delta_v,duration_min,trip_expected,lgt_detected,lgt_danger_level,lgt_count_10min,lgt_dist_km,lgt_type,lgt_amp_ka,lgt_address,c1_rate,c1_kw,c1_current,c2_rate,c2_kw,c2_current,c3_rate,c3_kw,c3_current,c4_rate,c4_kw,c4_current,c5_rate,c5_kw,c5_current,c6_rate,c6_kw,c6_current,c7_rate,c7_kw,c7_current,c8_rate,c8_kw,c8_current,c9_rate,c9_kw,c9_current
2026-04-22T00:00:00,8.0,63,clear,spring,0,weekday,night,0.06,none,1.52,6.91,220.0,normal,low_power_factor,c5,warn,1.0,0.0,0,0,0,none,0,0.0,none,0.0,,0.133,0.2,0.91,0.125,0.1,0.45,0.086,0.3,1.36,0.075,0.15,0.68,0.071,0.25,1.14,0.09,0.18,0.82,0.08,0.12,0.55,0.073,0.22,1.0,0.0,0.0,0.0
2026-04-22T01:00:00,8.0,63,clear,spring,0,weekday,night,0.0,none,1.75,7.95,220.0,normal,low_power_factor,c5,warn,1.0,0.0,0,0,0,none,0,0.0,none,0.0,,0.133,0.2,0.91,0.125,0.1,0.45,0.086,0.3,1.36,0.075,0.15,0.68,0.114,0.4,1.82,0.125,0.25,1.14,0.0,0.0,0.0,0.117,0.35,1.59,0.0,0.0,0.0
2026-04-22T02:00:00,8.0,63,clear,spring,0,weekday,night,0.0,none,0.9,4.09,220.0,normal,low_power_factor,c5,warn,1.0,0.0,0,0,0,none,0,0.0,none,0.0,,0.067,0.1,0.45,0.0,0.0,0.0,0.057,0.2,0.91,0.0,0.0,0.0,0.086,0.3,1.36,0.05,0.1,0.45,0.0,0.0,0.0,0.067,0.2,0.91,0.0,0.0,0.0
2026-04-22T03:00:00,8.0,63,clear,spring,0,weekday,night,0.08,none,2.6,11.82,220.0,normal,low_power_factor,c5,warn,1.0,0.0,0,0,0,none,0,0.0,none,0.0,,0.133,0.2,0.91,0.125,0.1,0.45,0.086,0.3,1.36,0.2,0.4,1.82,0.229,0.8,3.64,0.1,0.2,0.91,0.067,0.1,0.45,0.167,0.5,2.27,0.0,0.0,0.0
2026-04-22T04:00:00,8.0,63,clear,spring,0,weekday,night,0.04,none,1.75,7.95,220.0,normal,low_power_factor,c5,warn,1.0,0.0,0,0,0,none,0,0.0,none,0.0,,0.133,0.2,0.91,0.125,0.1,0.45,0.086,0.3,1.36,0.075,0.15,0.68,0.114,0.4,1.82,0.125,0.25,1.14,0.067,0.1,0.45,0.067,0.2,0.91,0.025,0.05,0.23
2026-04-22T05:00:00,8.0,63,clear,spring,0,weekday,night,0.05,none,2.7,12.27,220.0,normal,low_power_factor,c5,warn,1.0,0.0,0,0,0,none,0,0.0,none,0.0,,0.133,0.2,0.91,0.125,0.1,0.45,0.086,0.3,1.36,0.2,0.4,1.82,0.229,0.8,3.64,0.15,0.3,1.36,0.067,0.1,0.45,0.167,0.5,2.27,0.0,0.0,0.0
2026-04-22T06:00:00,9.0,60,cloudy,spring,0,weekday,night,0.0,none,1.7,7.73,220.0,normal,insulation_degradation,c5,warn,1.0,0.0,0,0,0,none,0,0.0,none,0.0,,0.133,0.2,0.91,0.125,0.1,0.45,0.086,0.3,1.36,0.075,0.15,0.68,0.114,0.4,1.82,0.125,0.25,1.14,0.067,0.1,0.45,0.067,0.2,0.91,0.0,0.0,0.0
2026-04-22T07:00:00,9.0,60,cloudy,spring,0,weekday,commute,0.45,visitor,9.96,45.27,220.0,normal,insulation_degradation,c5,warn,1.0,0.0,0,0,0,none,0,0.0,none,0.0,,0.533,0.8,3.64,1.2,0.96,4.36,0.171,0.6,2.73,0.75,1.5,6.82,0.657,2.3,10.45,0.45,0.9,4.09,0.467,0.7,3.18,0.6,1.8,8.18,0.2,0.4,1.82
2026-04-22T08:00:00,11.0,60,cloudy,spring,0,weekday,commute,0.38,none,9.4,42.73,220.0,normal,insulation_degradation,c5,warn,1.0,0.0,0,0,0,none,0,0.0,none,0.0,,0.4,0.6,2.73,0.5,0.4,1.82,0.514,1.8,8.18,0.45,0.9,4.09,0.657,2.3,10.45,0.55,1.1,5.0,0.333,0.5,2.27,0.533,1.6,7.27,0.1,0.2,0.91
2026-04-22T09:00:00,13.0,50,cloudy,spring,0,weekday,work_am,0.92,none,10.4,47.27,220.0,normal,harmonic_distortion,c5,warn,1.0,0.0,0,0,0,none,0,0.0,none,0.0,,0.4,0.6,2.73,1.0,0.8,3.64,0.4,1.4,6.36,0.55,1.1,5.0,0.657,2.3,10.45,0.6,1.2,5.45,0.467,0.7,3.18,0.6,1.8,8.18,0.25,0.5,2.27
2026-04-22T10:00:00,15.0,40,cloudy,spring,0,weekday,work_am,0.91,visitor,10.66,48.45,220.0,normal,insulation_degradation,c5,warn,1.0,0.0,0,0,0,none,0,0.0,none,0.0,,0.533,0.8,3.64,1.2,0.96,4.36,0.429,1.5,6.82,1.15,2.3,10.45,0.514,1.8,8.18,0.45,0.9,4.09,0.733,1.1,5.0,0.233,0.7,3.18,0.3,0.6,2.73
2026-04-22T11:00:00,15.0,40,cloudy,spring,0,weekday,work_am,0.88,visitor,10.5,47.73,220.0,normal,harmonic_distortion,c5,warn,1.0,0.0,0,0,0,none,0,0.0,none,0.0,,0.4,0.6,2.73,0.625,0.5,2.27,0.514,1.8,8.18,0.6,1.2,5.45,0.686,2.4,10.91,0.55,1.1,5.0,0.467,0.7,3.18,0.633,1.9,8.64,0.15,0.3,1.36
2026-04-22T12:00:00,16.0,40,cloudy,spring,0,weekday,lunch,0.53,none,10.3,46.82,220.0,normal,insulation_degradation,c5,warn,1.0,0.0,0,0,0,none,0,0.0,none,0.0,,0.4,0.6,2.73,0.5,0.4,1.82,0.514,1.8,8.18,0.6,1.2,5.45,0.714,2.5,11.36,0.55,1.1,5.0,0.333,0.5,2.27,0.633,1.9,8.64,0.15,0.3,1.36
2026-04-22T13:00:00,17.0,40,partly_cloudy,spring,0,weekday,work_pm,0.87,meeting,10.8,49.09,220.0,normal,insulation_degradation,c5,warn,1.0,0.0,0,0,0,none,0,0.0,none,0.0,,0.4,0.6,2.73,1.0,0.8,3.64,0.4,1.4,6.36,0.55,1.1,5.0,0.657,2.3,10.45,0.6,1.2,5.45,0.467,0.7,3.18,0.6,1.8,8.18,0.45,0.9,4.09
2026-04-22T14:00:00,17.0,40,cloudy,spring,0,weekday,work_pm,0.85,overtime,13.6,61.82,220.0,normal,insulation_degradation,c5,warn,1.0,0.0,0,0,0,none,0,0.0,none,0.0,,0.8,1.2,5.45,1.0,0.8,3.64,0.686,2.4,10.91,0.8,1.6,7.27,0.8,2.8,12.73,0.55,1.1,5.0,0.6,0.9,4.09,0.733,2.2,10.0,0.3,0.6,2.73
2026-04-22T15:00:00,18.0,40,cloudy,spring,0,weekday,work_pm,0.88,none,10.2,46.36,220.0,normal,harmonic_distortion,c5,warn,1.0,0.0,0,0,0,none,0,0.0,none,0.0,,0.4,0.6,2.73,0.625,0.5,2.27,0.514,1.8,8.18,0.6,1.2,5.45,0.686,2.4,10.91,0.55,1.1,5.0,0.467,0.7,3.18,0.533,1.6,7.27,0.15,0.3,1.36
2026-04-22T16:00:00,17.0,35,clear,spring,0,weekday,work_pm,0.89,none,9.7,44.09,220.0,normal,insulation_degradation,c5,warn,1.0,0.0,0,0,0,none,0,0.0,none,0.0,,0.4,0.6,2.73,0.5,0.4,1.82,0.4,1.4,6.36,0.45,0.9,4.09,0.657,2.3,10.45,0.55,1.1,5.0,0.333,0.5,2.27,0.567,1.7,7.73,0.4,0.8,3.64
2026-04-22T17:00:00,17.0,40,cloudy,spring,0,weekday,work_pm,0.95,construction,11.2,50.91,220.0,normal,insulation_degradation,c5,warn,1.0,0.0,0,0,0,none,0,0.0,none,0.0,,0.4,0.6,2.73,1.0,0.8,3.64,0.4,1.4,6.36,1.15,2.3,10.45,0.543,1.9,8.64,0.55,1.1,5.0,0.333,0.5,2.27,0.567,1.7,7.73,0.45,0.9,4.09
2026-04-22T18:00:00,16.0,45,clear,spring,0,weekday,evening,0.16,none,9.4,42.73,220.0,normal,insulation_degradation,c5,warn,1.0,0.0,0,0,0,none,0,0.0,none,0.0,,0.4,0.6,2.73,0.5,0.4,1.82,0.514,1.8,8.18,0.45,0.9,4.09,0.657,2.3,10.45,0.55,1.1,5.0,0.333,0.5,2.27,0.533,1.6,7.27,0.1,0.2,0.91
2026-04-22T19:00:00,14.0,55,cloudy,spring,0,weekday,evening,0.27,construction,9.4,42.73,220.0,normal,insulation_degradation,c5,warn,1.0,0.0,0,0,0,none,0,0.0,none,0.0,,0.4,0.6,2.73,0.5,0.4,1.82,0.514,1.8,8.18,0.45,0.9,4.09,0.657,2.3,10.45,0.55,1.1,5.0,0.333,0.5,2.27,0.533,1.6,7.27,0.1,0.2,0.91
2026-04-22T20:00:00,12.0,55,cloudy,spring,0,weekday,evening,0.15,none,9.4,42.73,220.0,normal,insulation_degradation,c5,warn,1.0,0.0,0,0,0,none,0,0.0,none,0.0,,0.4,0.6,2.73,0.5,0.4,1.82,0.514,1.8,8.18,0.45,0.9,4.09,0.657,2.3,10.45,0.55,1.1,5.0,0.333,0.5,2.27,0.533,1.6,7.27,0.1,0.2,0.91
2026-04-22T21:00:00,11.0,55,cloudy,spring,0,weekday,evening,0.12,meeting,9.5,43.18,220.0,normal,insulation_degradation,c5,warn,1.0,0.0,0,0,0,none,0,0.0,none,0.0,,0.4,0.6,2.73,0.5,0.4,1.82,0.514,1.8,8.18,0.35,0.7,3.18,0.657,2.3,10.45,0.55,1.1,5.0,0.333,0.5,2.27,0.633,1.9,8.64,0.1,0.2,0.91
2026-04-22T22:00:00,10.0,55,cloudy,spring,0,weekday,night,0.07,none,1.52,6.91,220.0,normal,low_power_factor,c5,warn,1.0,0.0,0,0,0,none,0,0.0,none,0.0,,0.133,0.2,0.91,0.125,0.1,0.45,0.086,0.3,1.36,0.075,0.15,0.68,0.071,0.25,1.14,0.09,0.18,0.82,0.08,0.12,0.55,0.073,0.22,1.0,0.0,0.0,0.0
2026-04-22T23:00:00,10.0,55,cloudy,spring,0,weekday,night,0.0,none,1.85,8.41,220.0,normal,low_power_factor,c5,warn,1.0,0.0,0,0,0,none,0,0.0,none,0.0,,0.133,0.2,0.91,0.125,0.1,0.45,0.086,0.3,1.36,0.075,0.15,0.68,0.114,0.4,1.82,0.125,0.25,1.14,0.067,0.1,0.45,0.117,0.35,1.59,0.0,0.0,0.0
2026-04-28T00:00:00,12.5,62,clear,spring,0,weekday,night,0.05,none,1.52,6.91,220.0,normal,overvoltage,c5,critical,1.0,0.0,0,0,0,none,0,0.0,none,0.0,,0.133,0.2,0.91,0.125,0.1,0.45,0.086,0.3,1.36,0.075,0.15,0.68,0.071,0.25,1.14,0.09,0.18,0.82,0.08,0.12,0.55,0.073,0.22,1.0,0.0,0.0,0.0
2026-04-28T01:00:00,12.5,62,clear,spring,0,weekday,night,0.0,none,0.9,4.09,220.0,normal,overvoltage,c5,critical,1.0,0.0,0,0,0,none,0,0.0,none,0.0,,0.067,0.1,0.45,0.0,0.0,0.0,0.057,0.2,0.91,0.0,0.0,0.0,0.086,0.3,1.36,0.0,0.0,0.0,0.067,0.1,0.45,0.067,0.2,0.91,0.0,0.0,0.0
2026-04-28T02:00:00,12.5,62,clear,spring,0,weekday,night,0.0,none,1.52,6.91,220.0,normal,overvoltage,c5,critical,1.0,0.0,0,0,0,none,0,0.0,none,0.0,,0.133,0.2,0.91,0.125,0.1,0.45,0.086,0.3,1.36,0.075,0.15,0.68,0.071,0.25,1.14,0.09,0.18,0.82,0.08,0.12,0.55,0.073,0.22,1.0,0.0,0.0,0.0
2026-04-28T03:00:00,12.5,62,clear,spring,0,weekday,night,0.0,none,1.3,5.91,220.0,normal,overvoltage,c5,critical,1.0,0.0,0,0,0,none,0,0.0,none,0.0,,0.133,0.2,0.91,0.125,0.1,0.45,0.086,0.3,1.36,0.075,0.15,0.68,0.071,0.25,1.14,0.05,0.1,0.45,0.0,0.0,0.0,0.067,0.2,0.91,0.0,0.0,0.0
2026-04-28T04:00:00,12.5,62,clear,spring,0,weekday,night,0.02,none,1.5,6.82,220.0,normal,overvoltage,c5,critical,1.0,0.0,0,0,0,none,0,0.0,none,0.0,,0.133,0.2,0.91,0.125,0.1,0.45,0.086,0.3,1.36,0.075,0.15,0.68,0.071,0.25,1.14,0.09,0.18,0.82,0.067,0.1,0.45,0.073,0.22,1.0,0.0,0.0,0.0
2026-04-28T05:00:00,12.5,62,clear,spring,0,weekday,night,0.02,none,1.75,7.95,220.0,normal,overvoltage,c5,critical,1.0,0.0,0,0,0,none,0,0.0,none,0.0,,0.133,0.2,0.91,0.125,0.1,0.45,0.086,0.3,1.36,0.075,0.15,0.68,0.114,0.4,1.82,0.125,0.25,1.14,0.067,0.1,0.45,0.067,0.2,0.91,0.025,0.05,0.23
2026-04-28T06:00:00,12.5,62,clear,spring,0,weekday,night,0.03,none,1.85,8.41,220.0,normal,overvoltage,c5,critical,1.0,0.0,0,0,0,none,0,0.0,none,0.0,,0.133,0.2,0.91,0.125,0.1,0.45,0.086,0.3,1.36,0.075,0.15,0.68,0.114,0.4,1.82,0.125,0.25,1.14,0.067,0.1,0.45,0.117,0.35,1.59,0.0,0.0,0.0
2026-04-28T07:00:00,12.5,62,clear,spring,1,weekday,commute,0.47,none,10.3,46.82,220.0,normal,overvoltage,c5,critical,1.0,0.0,0,0,1,watch,1,475.42,CG,42.3,32.8492°N / 124.1641°E,0.4,0.6,2.73,0.5,0.4,1.82,0.514,1.8,8.18,0.6,1.2,5.45,0.714,2.5,11.36,0.55,1.1,5.0,0.333,0.5,2.27,0.633,1.9,8.64,0.15,0.3,1.36
2026-04-28T08:00:00,12.5,62,clear,spring,0,weekday,commute,0.41,overtime,9.2,41.82,220.0,normal,overvoltage,c5,warn,1.0,0.0,0,0,0,none,0,0.0,none,0.0,,0.4,0.6,2.73,0.5,0.4,1.82,0.4,1.4,6.36,0.45,0.9,4.09,0.657,2.3,10.45,0.55,1.1,5.0,0.333,0.5,2.27,0.6,1.8,8.18,0.1,0.2,0.91
2026-04-28T09:00:00,12.0,75,cloudy,spring,0,weekday,work_am,0.91,none,14.3,65.0,220.0,normal,overvoltage,c5,warn,1.0,0.0,0,0,0,none,0,0.0,none,0.0,,0.8,1.2,5.45,1.0,0.8,3.64,0.657,2.3,10.45,0.75,1.5,6.82,0.8,2.8,12.73,0.55,1.1,5.0,0.6,0.9,4.09,0.7,2.1,9.55,0.8,1.6,7.27
2026-04-28T10:00:00,13.0,70,cloudy,spring,0,weekday,work_am,0.9,none,14.0,63.64,220.0,normal,overvoltage,c5,warn,1.0,0.0,0,0,0,none,0,0.0,none,0.0,,0.8,1.2,5.45,1.0,0.8,3.64,0.657,2.3,10.45,0.75,1.5,6.82,0.8,2.8,12.73,0.55,1.1,5.0,0.6,0.9,4.09,0.667,2.0,9.09,0.7,1.4,6.36
2026-04-28T11:00:00,14.0,60,cloudy,spring,0,weekday,work_am,0.9,none,13.0,59.09,220.0,normal,overvoltage,c5,critical,1.0,0.0,0,0,0,none,0,0.0,none,0.0,,0.8,1.2,5.45,1.0,0.8,3.64,0.657,2.3,10.45,0.75,1.5,6.82,0.8,2.8,12.73,0.55,1.1,5.0,0.6,0.9,4.09,0.6,1.8,8.18,0.3,0.6,2.73
2026-04-28T12:00:00,15.0,55,cloudy,spring,0,weekday,lunch,0.54,visitor,10.9,49.55,220.0,normal,overvoltage,c5,critical,1.0,0.0,0,0,0,none,0,0.0,none,0.0,,0.8,1.2,5.45,1.0,0.8,3.64,0.429,1.5,6.82,0.45,0.9,4.09,0.657,2.3,10.45,0.55,1.1,5.0,0.4,0.6,2.73,0.6,1.8,8.18,0.35,0.7,3.18
2026-04-28T13:00:00,15.0,50,cloudy,spring,0,weekday,work_pm,0.92,none,18.26,83.0,220.0,warn,overvoltage,c3,warn,1.0,0.0,0,0,0,none,0,0.0,none,0.0,,1.2,1.8,8.18,1.2,0.96,4.36,0.914,3.2,14.55,1.05,2.1,9.55,0.8,2.8,12.73,0.75,1.5,6.82,1.2,1.8,8.18,0.967,2.9,13.18,0.6,1.2,5.45
2026-04-28T14:00:00,16.0,50,cloudy,spring,0,weekday,work_pm,0.87,construction,20.96,95.27,220.0,danger,overvoltage,c5,critical,1.0,0.0,0,0,0,none,0,0.0,none,0.0,,1.2,1.8,8.18,1.2,0.96,4.36,0.914,3.2,14.55,1.05,2.1,9.55,1.2,4.2,19.09,0.95,1.9,8.64,1.2,1.8,8.18,1.2,3.6,16.36,0.7,1.4,6.36
2026-04-28T15:00:00,15.0,45,cloudy,spring,0,weekday,work_pm,0.84,none,9.0,40.91,220.0,normal,overvoltage,c5,warn,1.0,0.0,0,0,0,none,0,0.0,none,0.0,,0.4,0.6,2.73,0.5,0.4,1.82,0.4,1.4,6.36,0.45,0.9,4.09,0.657,2.3,10.45,0.55,1.1,5.0,0.333,0.5,2.27,0.567,1.7,7.73,0.05,0.1,0.45
2026-04-28T16:00:00,15.0,45,cloudy,spring,0,weekday,work_pm,0.91,meeting,10.3,46.82,220.0,normal,overvoltage,c5,warn,1.0,0.0,0,0,0,none,0,0.0,none,0.0,,0.4,0.6,2.73,0.5,0.4,1.82,0.514,1.8,8.18,0.6,1.2,5.45,0.714,2.5,11.36,0.55,1.1,5.0,0.333,0.5,2.27,0.633,1.9,8.64,0.15,0.3,1.36
2026-04-28T17:00:00,14.0,40,partly_cloudy,spring,0,weekday,work_pm,0.92,meeting,9.0,40.91,220.0,normal,overvoltage,c5,critical,1.0,0.0,0,0,0,none,0,0.0,none,0.0,,0.4,0.6,2.73,0.5,0.4,1.82,0.4,1.4,6.36,0.45,0.9,4.09,0.657,2.3,10.45,0.55,1.1,5.0,0.333,0.5,2.27,0.567,1.7,7.73,0.05,0.1,0.45
2026-04-28T18:00:00,13.0,45,cloudy,spring,0,weekday,evening,0.2,visitor,9.3,42.27,220.0,normal,overvoltage,c5,critical,1.0,0.0,0,0,0,none,0,0.0,none,0.0,,0.4,0.6,2.73,0.5,0.4,1.82,0.429,1.5,6.82,0.45,0.9,4.09,0.657,2.3,10.45,0.55,1.1,5.0,0.333,0.5,2.27,0.6,1.8,8.18,0.1,0.2,0.91
2026-04-28T19:00:00,11.0,60,cloudy,spring,0,weekday,evening,0.24,none,9.6,43.64,220.0,normal,overvoltage,c5,critical,1.0,0.0,0,0,0,none,0,0.0,none,0.0,,0.4,0.6,2.73,0.5,0.4,1.82,0.514,1.8,8.18,0.35,0.7,3.18,0.686,2.4,10.91,0.55,1.1,5.0,0.333,0.5,2.27,0.633,1.9,8.64,0.1,0.2,0.91
2026-04-28T20:00:00,10.0,65,cloudy,spring,0,weekday,evening,0.21,none,9.7,44.09,220.0,normal,overvoltage,c5,critical,1.0,0.0,0,0,0,none,0,0.0,none,0.0,,0.4,0.6,2.73,0.5,0.4,1.82,0.514,1.8,8.18,0.45,0.9,4.09,0.686,2.4,10.91,0.55,1.1,5.0,0.333,0.5,2.27,0.567,1.7,7.73,0.15,0.3,1.36
2026-04-28T21:00:00,10.0,65,cloudy,spring,0,weekday,evening,0.23,none,5.0,22.73,220.0,normal,overvoltage,c5,critical,1.0,0.0,0,0,0,none,0,0.0,none,0.0,,0.2,0.3,1.36,0.25,0.2,0.91,0.229,0.8,3.64,0.25,0.5,2.27,0.343,1.2,5.45,0.3,0.6,2.73,0.267,0.4,1.82,0.3,0.9,4.09,0.05,0.1,0.45
2026-04-28T22:00:00,9.0,65,cloudy,spring,0,weekday,night,0.02,none,1.85,8.41,220.0,normal,overvoltage,c5,critical,1.0,0.0,0,0,0,none,0,0.0,none,0.0,,0.133,0.2,0.91,0.125,0.1,0.45,0.086,0.3,1.36,0.075,0.15,0.68,0.114,0.4,1.82,0.125,0.25,1.14,0.067,0.1,0.45,0.117,0.35,1.59,0.0,0.0,0.0
2026-04-28T23:00:00,9.0,65,cloudy,spring,0,weekday,night,0.0,none,1.38,6.27,220.0,normal,overvoltage,c5,critical,1.0,0.0,0,0,0,none,0,0.0,none,0.0,,0.133,0.2,0.91,0.125,0.1,0.45,0.086,0.3,1.36,0.075,0.15,0.68,0.071,0.25,1.14,0.06,0.12,0.55,0.053,0.08,0.36,0.06,0.18,0.82,0.0,0.0,0.0
2026-05-18T10:00:00,23.0,60,clear,spring,0,weekday,work_am,0.78,none,10.66,48.45,220.0,normal,insulation_degradation,c5,warn,1.0,0.0,0,0,0,none,0,0.0,none,0.0,,0.533,0.8,3.64,1.2,0.96,4.36,0.429,1.5,6.82,0.45,0.9,4.09,0.657,2.3,10.45,0.55,1.1,5.0,0.467,0.7,3.18,0.6,1.8,8.18,0.3,0.6,2.73
2026-05-18T14:00:00,26.0,45,clear,spring,0,weekday,work_pm,0.87,visitor,10.66,48.45,220.0,normal,insulation_degradation,c5,warn,1.0,0.0,0,0,0,none,0,0.0,none,0.0,,0.533,0.8,3.64,1.2,0.96,4.36,0.429,1.5,6.82,0.45,0.9,4.09,0.657,2.3,10.45,0.55,1.1,5.0,0.467,0.7,3.18,0.6,1.8,8.18,0.3,0.6,2.73
2026-05-18T19:00:00,20.0,70,partly_cloudy,spring,0,weekday,evening,0.14,none,9.4,42.73,220.0,normal,insulation_degradation,c5,warn,1.0,0.0,0,0,0,none,0,0.0,none,0.0,,0.4,0.6,2.73,0.5,0.4,1.82,0.514,1.8,8.18,0.45,0.9,4.09,0.657,2.3,10.45,0.55,1.1,5.0,0.333,0.5,2.27,0.533,1.6,7.27,0.1,0.2,0.91
2026-05-18T23:00:00,18.0,60,partly_cloudy,spring,0,weekday,night,0.04,none,1.52,6.91,220.0,normal,low_power_factor,c5,warn,1.0,0.0,0,0,0,none,0,0.0,none,0.0,,0.133,0.2,0.91,0.125,0.1,0.45,0.086,0.3,1.36,0.075,0.15,0.68,0.071,0.25,1.14,0.09,0.18,0.82,0.08,0.12,0.55,0.073,0.22,1.0,0.0,0.0,0.0
2026-05-19T00:00:00,12.9,92,clear,spring,0,weekday,night,0.05,none,1.78,8.09,220.0,normal,earth_fault,c5,warn,1.0,0.0,0,0,0,none,0,0.0,none,0.0,,0.133,0.2,0.91,0.125,0.1,0.45,0.086,0.3,1.36,0.075,0.15,0.68,0.114,0.4,1.82,0.125,0.25,1.14,0.08,0.12,0.55,0.06,0.18,0.82,0.04,0.08,0.36
2026-05-19T01:00:00,12.9,92,clear,spring,0,weekday,night,0.02,none,1.06,4.82,220.0,normal,earth_fault,c5,warn,1.0,0.0,0,0,0,none,0,0.0,none,0.0,,0.067,0.1,0.45,0.062,0.05,0.23,0.057,0.2,0.91,0.04,0.08,0.36,0.086,0.3,1.36,0.06,0.12,0.55,0.04,0.06,0.27,0.05,0.15,0.68,0.0,0.0,0.0
2026-05-19T02:00:00,12.9,92,clear,spring,0,weekday,night,0.06,none,1.6,7.27,220.0,normal,earth_fault,c5,warn,1.0,0.0,0,0,0,none,0,0.0,none,0.0,,0.133,0.2,0.91,0.125,0.1,0.45,0.086,0.3,1.36,0.075,0.15,0.68,0.071,0.25,1.14,0.09,0.18,0.82,0.08,0.12,0.55,0.073,0.22,1.0,0.04,0.08,0.36
2026-05-19T05:00:00,15.0,70,cloudy,spring,0,weekday,night,0.0,none,0.9,4.09,220.0,normal,low_power_factor,c5,warn,1.0,0.0,0,0,0,none,0,0.0,none,0.0,,0.067,0.1,0.45,0.0,0.0,0.0,0.057,0.2,0.91,0.0,0.0,0.0,0.086,0.3,1.36,0.05,0.1,0.45,0.0,0.0,0.0,0.067,0.2,0.91,0.0,0.0,0.0
2026-05-19T06:00:00,16.0,70,partly_cloudy,spring,0,weekday,night,0.04,none,2.1,9.55,220.0,normal,low_power_factor,c5,warn,1.0,0.0,0,0,0,none,0,0.0,none,0.0,,0.133,0.2,0.91,0.125,0.1,0.45,0.086,0.3,1.36,0.2,0.4,1.82,0.143,0.5,2.27,0.1,0.2,0.91,0.067,0.1,0.45,0.1,0.3,1.36,0.0,0.0,0.0
2026-05-19T08:00:00,19.0,65,clear,spring,0,weekday,commute,0.45,none,9.0,40.91,220.0,normal,insulation_degradation,c5,warn,1.0,0.0,0,0,0,none,0,0.0,none,0.0,,0.4,0.6,2.73,0.5,0.4,1.82,0.4,1.4,6.36,0.45,0.9,4.09,0.657,2.3,10.45,0.55,1.1,5.0,0.333,0.5,2.27,0.567,1.7,7.73,0.05,0.1,0.45
2026-05-19T13:00:00,26.0,45,partly_cloudy,spring,0,weekday,work_pm,0.93,overtime,12.9,58.64,220.0,normal,harmonic_distortion,c5,warn,1.0,0.0,0,0,0,none,0,0.0,none,0.0,,0.8,1.2,5.45,1.0,0.8,3.64,0.657,2.3,10.45,0.75,1.5,6.82,0.8,2.8,12.73,0.55,1.1,5.0,0.6,0.9,4.09,0.567,1.7,7.73,0.3,0.6,2.73
2026-05-19T17:00:00,23.0,45,partly_cloudy,spring,0,weekday,work_pm,0.93,meeting,10.2,46.36,220.0,normal,harmonic_distortion,c5,warn,1.0,0.0,0,0,0,none,0,0.0,none,0.0,,0.4,0.6,2.73,0.5,0.4,1.82,0.514,1.8,8.18,0.6,1.2,5.45,0.714,2.5,11.36,0.55,1.1,5.0,0.333,0.5,2.27,0.633,1.9,8.64,0.1,0.2,0.91
2026-05-19T21:00:00,19.0,60,cloudy,spring,0,weekday,evening,0.23,visitor,9.1,41.36,220.0,normal,insulation_degradation,c5,warn,1.0,0.0,0,0,0,none,0,0.0,none,0.0,,0.4,0.6,2.73,0.5,0.4,1.82,0.4,1.4,6.36,0.45,0.9,4.09,0.657,2.3,10.45,0.55,1.1,5.0,0.333,0.5,2.27,0.567,1.7,7.73,0.1,0.2,0.91
2026-05-20T00:00:00,17.4,86,clear,spring,0,weekday,night,0.06,none,1.75,7.95,220.0,normal,insulation_degradation,c5,warn,1.0,0.0,0,0,0,none,0,0.0,none,0.0,,0.133,0.2,0.91,0.125,0.1,0.45,0.086,0.3,1.36,0.075,0.15,0.68,0.114,0.4,1.82,0.125,0.25,1.14,0.067,0.1,0.45,0.067,0.2,0.91,0.025,0.05,0.23
2026-05-20T01:00:00,17.4,86,clear,spring,0,weekday,night,0.05,none,1.85,8.41,220.0,normal,insulation_degradation,c5,warn,1.0,0.0,0,0,0,none,0,0.0,none,0.0,,0.133,0.2,0.91,0.125,0.1,0.45,0.086,0.3,1.36,0.075,0.15,0.68,0.114,0.4,1.82,0.125,0.25,1.14,0.067,0.1,0.45,0.117,0.35,1.59,0.0,0.0,0.0
2026-05-20T02:00:00,17.4,86,clear,spring,0,weekday,night,0.0,none,0.9,4.09,220.0,normal,insulation_degradation,c5,warn,1.0,0.0,0,0,0,none,0,0.0,none,0.0,,0.067,0.1,0.45,0.0,0.0,0.0,0.057,0.2,0.91,0.0,0.0,0.0,0.086,0.3,1.36,0.05,0.1,0.45,0.0,0.0,0.0,0.067,0.2,0.91,0.0,0.0,0.0
2026-05-20T03:00:00,18.0,85,cloudy,spring,0,weekday,night,0.08,none,1.85,8.41,220.0,normal,insulation_degradation,c5,warn,1.0,0.0,0,0,0,none,0,0.0,none,0.0,,0.133,0.2,0.91,0.125,0.1,0.45,0.086,0.3,1.36,0.075,0.15,0.68,0.114,0.4,1.82,0.125,0.25,1.14,0.067,0.1,0.45,0.117,0.35,1.59,0.0,0.0,0.0
2026-05-20T05:00:00,18.0,85,rainy,spring,0,weekday,night,0.02,none,1.85,8.41,220.0,normal,insulation_degradation,c5,warn,1.0,0.0,0,0,0,none,0,0.0,none,0.0,,0.133,0.2,0.91,0.125,0.1,0.45,0.086,0.3,1.36,0.075,0.15,0.68,0.114,0.4,1.82,0.125,0.25,1.14,0.067,0.1,0.45,0.117,0.35,1.59,0.0,0.0,0.0
2026-05-20T06:00:00,18.0,90,rainy,spring,0,weekday,night,0.07,none,4.1,18.64,220.0,normal,insulation_degradation,c5,warn,1.0,0.0,0,0,0,none,0,0.0,none,0.0,,0.2,0.3,1.36,0.25,0.2,0.91,0.229,0.8,3.64,0.25,0.5,2.27,0.343,1.2,5.45,0.2,0.4,1.82,0.067,0.1,0.45,0.2,0.6,2.73,0.0,0.0,0.0
2026-05-20T08:00:00,18.0,90,rainy,spring,0,weekday,commute,0.41,construction,9.5,43.18,220.0,normal,earth_fault,c5,warn,1.0,0.0,0,0,0,none,0,0.0,none,0.0,,0.4,0.6,2.73,0.5,0.4,1.82,0.514,1.8,8.18,0.45,0.9,4.09,0.657,2.3,10.45,0.55,1.1,5.0,0.333,0.5,2.27,0.567,1.7,7.73,0.1,0.2,0.91
2026-05-20T13:00:00,18.0,90,rainy,spring,0,weekday,work_pm,0.97,none,9.0,40.91,220.0,normal,insulation_degradation,c5,warn,1.0,0.0,0,0,0,none,0,0.0,none,0.0,,0.4,0.6,2.73,0.5,0.4,1.82,0.4,1.4,6.36,0.45,0.9,4.09,0.657,2.3,10.45,0.55,1.1,5.0,0.333,0.5,2.27,0.567,1.7,7.73,0.05,0.1,0.45
2026-05-20T17:00:00,18.0,90,rainy,spring,0,weekday,work_pm,0.86,overtime,11.0,50.0,220.0,normal,insulation_degradation,c5,warn,1.0,0.0,0,0,0,none,0,0.0,none,0.0,,0.4,0.6,2.73,1.0,0.8,3.64,0.429,1.5,6.82,0.6,1.2,5.45,0.686,2.4,10.91,0.55,1.1,5.0,0.6,0.9,4.09,0.6,1.8,8.18,0.35,0.7,3.18
2026-05-20T21:00:00,18.0,95,rainy,spring,0,weekday,evening,0.23,none,5.6,25.45,220.0,normal,earth_fault,c5,warn,1.0,0.0,0,0,0,none,0,0.0,none,0.0,,0.4,0.6,2.73,0.5,0.4,1.82,0.229,0.8,3.64,0.25,0.5,2.27,0.343,1.2,5.45,0.35,0.7,3.18,0.2,0.3,1.36,0.3,0.9,4.09,0.1,0.2,0.91
2026-05-21T00:00:00,15.8,99,rainy,spring,0,weekday,night,0.0,none,0.9,4.09,220.0,normal,earth_fault,c5,warn,1.0,0.0,0,0,0,none,0,0.0,none,0.0,,0.067,0.1,0.45,0.0,0.0,0.0,0.057,0.2,0.91,0.0,0.0,0.0,0.086,0.3,1.36,0.05,0.1,0.45,0.0,0.0,0.0,0.067,0.2,0.91,0.0,0.0,0.0
2026-05-21T01:00:00,15.8,99,rainy,spring,0,weekday,night,0.0,none,0.9,4.09,220.0,normal,earth_fault,c5,warn,1.0,0.0,0,0,0,none,0,0.0,none,0.0,,0.067,0.1,0.45,0.0,0.0,0.0,0.057,0.2,0.91,0.0,0.0,0.0,0.086,0.3,1.36,0.05,0.1,0.45,0.0,0.0,0.0,0.067,0.2,0.91,0.0,0.0,0.0
2026-05-21T02:00:00,15.8,99,rainy,spring,0,weekday,night,0.0,none,2.1,9.55,220.0,normal,earth_fault,c5,warn,1.0,0.0,0,0,0,none,0,0.0,none,0.0,,0.133,0.2,0.91,0.125,0.1,0.45,0.086,0.3,1.36,0.2,0.4,1.82,0.143,0.5,2.27,0.1,0.2,0.91,0.067,0.1,0.45,0.1,0.3,1.36,0.0,0.0,0.0
2026-05-21T03:00:00,17.0,95,cloudy,spring,0,weekday,night,0.02,none,1.52,6.91,220.0,normal,earth_fault,c5,warn,1.0,0.0,0,0,0,none,0,0.0,none,0.0,,0.133,0.2,0.91,0.125,0.1,0.45,0.086,0.3,1.36,0.075,0.15,0.68,0.071,0.25,1.14,0.09,0.18,0.82,0.08,0.12,0.55,0.073,0.22,1.0,0.0,0.0,0.0
2026-05-21T06:00:00,17.0,95,rainy,spring,0,weekday,night,0.0,none,3.1,14.09,220.0,normal,earth_fault,c5,warn,1.0,0.0,0,0,0,none,0,0.0,none,0.0,,0.133,0.2,0.91,0.125,0.1,0.45,0.086,0.3,1.36,0.2,0.4,1.82,0.229,0.8,3.64,0.25,0.5,2.27,0.133,0.2,0.91,0.2,0.6,2.73,0.0,0.0,0.0
2026-05-21T07:00:00,17.0,95,cloudy,spring,0,weekday,commute,0.43,overtime,10.5,47.73,220.0,normal,earth_fault,c5,warn,1.0,0.0,0,0,0,none,0,0.0,none,0.0,,0.533,0.8,3.64,0.75,0.6,2.73,0.429,1.5,6.82,0.6,1.2,5.45,0.657,2.3,10.45,0.55,1.1,5.0,0.333,0.5,2.27,0.6,1.8,8.18,0.35,0.7,3.18
2026-05-21T10:00:00,17.0,95,rainy,spring,0,weekday,work_am,0.88,none,8.7,39.55,220.0,normal,earth_fault,c5,warn,1.0,0.0,0,0,0,none,0,0.0,none,0.0,,0.4,0.6,2.73,0.5,0.4,1.82,0.371,1.3,5.91,0.45,0.9,4.09,0.629,2.2,10.0,0.5,1.0,4.55,0.333,0.5,2.27,0.533,1.6,7.27,0.1,0.2,0.91
2026-05-21T15:00:00,17.0,90,rainy,spring,0,weekday,work_pm,0.88,none,9.1,41.36,220.0,normal,insulation_degradation,c5,warn,1.0,0.0,0,0,0,none,0,0.0,none,0.0,,0.4,0.6,2.73,0.5,0.4,1.82,0.4,1.4,6.36,0.45,0.9,4.09,0.657,2.3,10.45,0.55,1.1,5.0,0.333,0.5,2.27,0.567,1.7,7.73,0.1,0.2,0.91
2026-05-21T19:00:00,18.0,90,cloudy,spring,0,weekday,evening,0.26,none,7.0,31.82,220.0,normal,insulation_degradation,c5,warn,1.0,0.0,0,0,0,none,0,0.0,none,0.0,,0.4,0.6,2.73,0.5,0.4,1.82,0.314,1.1,5.0,0.35,0.7,3.18,0.514,1.8,8.18,0.4,0.8,3.64,0.2,0.3,1.36,0.4,1.2,5.45,0.05,0.1,0.45
2026-05-21T23:00:00,16.0,80,clear,spring,0,weekday,night,0.06,none,1.85,8.41,220.0,normal,insulation_degradation,c5,warn,1.0,0.0,0,0,0,none,0,0.0,none,0.0,,0.133,0.2,0.91,0.125,0.1,0.45,0.086,0.3,1.36,0.075,0.15,0.68,0.114,0.4,1.82,0.125,0.25,1.14,0.067,0.1,0.45,0.117,0.35,1.59,0.0,0.0,0.0
2026-05-22T00:00:00,14.9,99,clear,spring,0,weekday,night,0.0,none,0.9,4.09,220.0,normal,earth_fault,c5,warn,1.0,0.0,0,0,0,none,0,0.0,none,0.0,,0.067,0.1,0.45,0.0,0.0,0.0,0.057,0.2,0.91,0.0,0.0,0.0,0.086,0.3,1.36,0.05,0.1,0.45,0.0,0.0,0.0,0.067,0.2,0.91,0.0,0.0,0.0
2026-05-22T01:00:00,14.9,99,clear,spring,0,weekday,night,0.0,none,1.52,6.91,220.0,normal,earth_fault,c5,warn,1.0,0.0,0,0,0,none,0,0.0,none,0.0,,0.133,0.2,0.91,0.125,0.1,0.45,0.086,0.3,1.36,0.075,0.15,0.68,0.071,0.25,1.14,0.09,0.18,0.82,0.08,0.12,0.55,0.073,0.22,1.0,0.0,0.0,0.0
2026-05-22T02:00:00,14.9,99,clear,spring,0,weekday,night,0.07,none,1.52,6.91,220.0,normal,earth_fault,c5,warn,1.0,0.0,0,0,0,none,0,0.0,none,0.0,,0.133,0.2,0.91,0.125,0.1,0.45,0.086,0.3,1.36,0.075,0.15,0.68,0.071,0.25,1.14,0.09,0.18,0.82,0.08,0.12,0.55,0.073,0.22,1.0,0.0,0.0,0.0
2026-05-22T04:00:00,14.0,90,clear,spring,0,weekday,night,0.0,none,1.52,6.91,220.0,normal,earth_fault,c5,warn,1.0,0.0,0,0,0,none,0,0.0,none,0.0,,0.133,0.2,0.91,0.125,0.1,0.45,0.086,0.3,1.36,0.075,0.15,0.68,0.071,0.25,1.14,0.09,0.18,0.82,0.08,0.12,0.55,0.073,0.22,1.0,0.0,0.0,0.0
2026-05-22T06:00:00,14.0,90,clear,spring,0,weekday,night,0.05,none,1.95,8.86,220.0,normal,insulation_degradation,c5,warn,1.0,0.0,0,0,0,none,0,0.0,none,0.0,,0.133,0.2,0.91,0.187,0.15,0.68,0.086,0.3,1.36,0.125,0.25,1.14,0.114,0.4,1.82,0.09,0.18,0.82,0.08,0.12,0.55,0.117,0.35,1.59,0.0,0.0,0.0
2026-05-22T07:00:00,15.0,90,clear,spring,0,weekday,commute,0.41,construction,9.5,43.18,220.0,normal,earth_fault,c5,warn,1.0,0.0,0,0,0,none,0,0.0,none,0.0,,0.4,0.6,2.73,0.5,0.4,1.82,0.514,1.8,8.18,0.45,0.9,4.09,0.657,2.3,10.45,0.55,1.1,5.0,0.333,0.5,2.27,0.567,1.7,7.73,0.1,0.2,0.91
2026-05-22T10:00:00,20.0,70,clear,spring,0,weekday,work_am,0.92,none,10.1,45.91,220.0,normal,insulation_degradation,c5,warn,1.0,0.0,0,0,0,none,0,0.0,none,0.0,,0.4,0.6,2.73,1.0,0.8,3.64,0.4,1.4,6.36,0.45,0.9,4.09,0.657,2.3,10.45,0.55,1.1,5.0,0.333,0.5,2.27,0.6,1.8,8.18,0.35,0.7,3.18
2026-05-22T14:00:00,25.0,55,clear,spring,0,weekday,work_pm,0.85,none,10.4,47.27,220.0,normal,insulation_degradation,c5,warn,1.0,0.0,0,0,0,none,0,0.0,none,0.0,,0.4,0.6,2.73,1.0,0.8,3.64,0.4,1.4,6.36,0.55,1.1,5.0,0.657,2.3,10.45,0.6,1.2,5.45,0.467,0.7,3.18,0.6,1.8,8.18,0.25,0.5,2.27
2026-05-22T18:00:00,23.0,55,clear,spring,0,weekday,evening,0.18,overtime,10.2,46.36,220.0,normal,insulation_degradation,c5,warn,1.0,0.0,0,0,0,none,0,0.0,none,0.0,,0.4,0.6,2.73,0.5,0.4,1.82,0.514,1.8,8.18,0.6,1.2,5.45,0.714,2.5,11.36,0.55,1.1,5.0,0.333,0.5,2.27,0.633,1.9,8.64,0.1,0.2,0.91
2026-05-22T21:00:00,20.0,60,cloudy,spring,0,weekday,evening,0.12,meeting,9.0,40.91,220.0,normal,insulation_degradation,c5,warn,1.0,0.0,0,0,0,none,0,0.0,none,0.0,,0.4,0.6,2.73,0.5,0.4,1.82,0.514,1.8,8.18,0.45,0.9,4.09,0.657,2.3,10.45,0.55,1.1,5.0,0.333,0.5,2.27,0.4,1.2,5.45,0.1,0.2,0.91
2026-05-23T00:00:00,15.0,55,partly_cloudy,spring,0,weekend,night,0.03,none,1.85,8.41,220.0,normal,low_power_factor,c5,warn,1.0,0.0,0,0,0,none,0,0.0,none,0.0,,0.133,0.2,0.91,0.125,0.1,0.45,0.086,0.3,1.36,0.075,0.15,0.68,0.114,0.4,1.82,0.125,0.25,1.14,0.067,0.1,0.45,0.117,0.35,1.59,0.0,0.0,0.0
2026-05-23T01:00:00,15.0,55,partly_cloudy,spring,0,weekend,night,0.03,none,1.52,6.91,220.0,normal,low_power_factor,c5,warn,1.0,0.0,0,0,0,none,0,0.0,none,0.0,,0.133,0.2,0.91,0.125,0.1,0.45,0.086,0.3,1.36,0.075,0.15,0.68,0.071,0.25,1.14,0.09,0.18,0.82,0.08,0.12,0.55,0.073,0.22,1.0,0.0,0.0,0.0
2026-05-23T02:00:00,15.0,55,partly_cloudy,spring,0,weekend,night,0.02,none,1.52,6.91,220.0,normal,low_power_factor,c5,warn,1.0,0.0,0,0,0,none,0,0.0,none,0.0,,0.133,0.2,0.91,0.125,0.1,0.45,0.086,0.3,1.36,0.075,0.15,0.68,0.071,0.25,1.14,0.09,0.18,0.82,0.08,0.12,0.55,0.073,0.22,1.0,0.0,0.0,0.0
2026-05-23T03:00:00,15.0,55,partly_cloudy,spring,0,weekend,night,0.05,none,1.7,7.73,220.0,normal,low_power_factor,c5,warn,1.0,0.0,0,0,0,none,0,0.0,none,0.0,,0.133,0.2,0.91,0.125,0.1,0.45,0.086,0.3,1.36,0.075,0.15,0.68,0.114,0.4,1.82,0.125,0.25,1.14,0.067,0.1,0.45,0.067,0.2,0.91,0.0,0.0,0.0
2026-05-23T05:00:00,15.0,55,partly_cloudy,spring,0,weekend,night,0.04,none,2.9,13.18,220.0,normal,low_power_factor,c5,warn,1.0,0.0,0,0,0,none,0,0.0,none,0.0,,0.133,0.2,0.91,0.125,0.1,0.45,0.086,0.3,1.36,0.2,0.4,1.82,0.229,0.8,3.64,0.25,0.5,2.27,0.133,0.2,0.91,0.1,0.3,1.36,0.05,0.1,0.45
2026-05-23T06:00:00,15.0,55,partly_cloudy,spring,0,weekend,night,0.04,none,2.9,13.18,220.0,normal,low_power_factor,c5,warn,1.0,0.0,0,0,0,none,0,0.0,none,0.0,,0.133,0.2,0.91,0.125,0.1,0.45,0.086,0.3,1.36,0.2,0.4,1.82,0.229,0.8,3.64,0.15,0.3,1.36,0.133,0.2,0.91,0.167,0.5,2.27,0.05,0.1,0.45
2026-05-23T08:00:00,15.0,55,partly_cloudy,spring,0,weekend,commute,0.0,none,2.7,12.27,220.0,normal,insulation_degradation,c5,warn,1.0,0.0,0,0,0,none,0,0.0,none,0.0,,0.133,0.2,0.91,0.125,0.1,0.45,0.086,0.3,1.36,0.2,0.4,1.82,0.171,0.6,2.73,0.15,0.3,1.36,0.133,0.2,0.91,0.167,0.5,2.27,0.05,0.1,0.45
2026-05-23T13:00:00,15.0,55,partly_cloudy,spring,0,weekend,work_pm,0.0,none,5.0,22.73,220.0,normal,insulation_degradation,c5,warn,1.0,0.0,0,0,0,none,0,0.0,none,0.0,,0.2,0.3,1.36,0.25,0.2,0.91,0.229,0.8,3.64,0.25,0.5,2.27,0.343,1.2,5.45,0.3,0.6,2.73,0.267,0.4,1.82,0.3,0.9,4.09,0.05,0.1,0.45
2026-05-23T16:00:00,15.0,55,partly_cloudy,spring,0,weekend,work_pm,0.04,none,4.4,20.0,220.0,normal,insulation_degradation,c5,warn,1.0,0.0,0,0,0,none,0,0.0,none,0.0,,0.2,0.3,1.36,0.25,0.2,0.91,0.229,0.8,3.64,0.25,0.5,2.27,0.343,1.2,5.45,0.2,0.4,1.82,0.067,0.1,0.45,0.3,0.9,4.09,0.0,0.0,0.0
2026-05-23T18:00:00,15.0,55,partly_cloudy,spring,0,weekend,evening,0.0,none,4.4,20.0,220.0,normal,insulation_degradation,c5,warn,1.0,0.0,0,0,0,none,0,0.0,none,0.0,,0.2,0.3,1.36,0.25,0.2,0.91,0.229,0.8,3.64,0.25,0.5,2.27,0.343,1.2,5.45,0.2,0.4,1.82,0.067,0.1,0.45,0.3,0.9,4.09,0.0,0.0,0.0
2026-05-23T19:00:00,15.0,55,partly_cloudy,spring,0,weekend,evening,0.02,none,4.8,21.82,220.0,normal,insulation_degradation,c5,warn,1.0,0.0,0,0,0,none,0,0.0,none,0.0,,0.2,0.3,1.36,0.25,0.2,0.91,0.229,0.8,3.64,0.25,0.5,2.27,0.343,1.2,5.45,0.3,0.6,2.73,0.133,0.2,0.91,0.3,0.9,4.09,0.05,0.1,0.45
2026-05-23T21:00:00,15.0,55,partly_cloudy,spring,0,weekend,evening,0.03,none,2.9,13.18,220.0,normal,insulation_degradation,c5,warn,1.0,0.0,0,0,0,none,0,0.0,none,0.0,,0.133,0.2,0.91,0.125,0.1,0.45,0.086,0.3,1.36,0.2,0.4,1.82,0.229,0.8,3.64,0.15,0.3,1.36,0.133,0.2,0.91,0.167,0.5,2.27,0.05,0.1,0.45
2026-05-23T23:00:00,15.0,55,partly_cloudy,spring,0,weekend,night,0.04,none,1.52,6.91,220.0,normal,low_power_factor,c5,warn,1.0,0.0,0,0,0,none,0,0.0,none,0.0,,0.133,0.2,0.91,0.125,0.1,0.45,0.086,0.3,1.36,0.075,0.15,0.68,0.071,0.25,1.14,0.09,0.18,0.82,0.08,0.12,0.55,0.073,0.22,1.0,0.0,0.0,0.0
2026-05-24T00:00:00,15.0,95,cloudy,spring,0,weekend,night,0.01,none,1.52,6.91,220.0,normal,earth_fault,c5,warn,1.0,0.0,0,0,0,none,0,0.0,none,0.0,,0.133,0.2,0.91,0.125,0.1,0.45,0.086,0.3,1.36,0.075,0.15,0.68,0.071,0.25,1.14,0.09,0.18,0.82,0.08,0.12,0.55,0.073,0.22,1.0,0.0,0.0,0.0
2026-05-24T01:00:00,15.0,95,cloudy,spring,0,weekend,night,0.02,none,1.52,6.91,220.0,normal,earth_fault,c5,warn,1.0,0.0,0,0,0,none,0,0.0,none,0.0,,0.133,0.2,0.91,0.125,0.1,0.45,0.086,0.3,1.36,0.075,0.15,0.68,0.071,0.25,1.14,0.09,0.18,0.82,0.08,0.12,0.55,0.073,0.22,1.0,0.0,0.0,0.0
2026-05-24T02:00:00,15.0,95,cloudy,spring,0,weekend,night,0.02,none,1.45,6.59,220.0,normal,earth_fault,c6,warn,1.0,0.0,0,0,0,none,0,0.0,none,0.0,,0.067,0.1,0.45,0.0,0.0,0.0,0.057,0.2,0.91,0.15,0.3,1.36,0.043,0.15,0.68,0.125,0.25,1.14,0.0,0.0,0.0,0.133,0.4,1.82,0.025,0.05,0.23
2026-05-24T04:00:00,14.0,95,cloudy,spring,0,weekend,night,0.05,none,1.95,8.86,220.0,normal,earth_fault,c5,warn,1.0,0.0,0,0,0,none,0,0.0,none,0.0,,0.133,0.2,0.91,0.187,0.15,0.68,0.086,0.3,1.36,0.125,0.25,1.14,0.114,0.4,1.82,0.09,0.18,0.82,0.08,0.12,0.55,0.117,0.35,1.59,0.0,0.0,0.0
2026-05-24T06:00:00,14.0,95,cloudy,spring,0,weekend,night,0.02,none,1.9,8.64,220.0,normal,earth_fault,c5,warn,1.0,0.0,0,0,0,none,0,0.0,none,0.0,,0.133,0.2,0.91,0.125,0.1,0.45,0.086,0.3,1.36,0.075,0.15,0.68,0.114,0.4,1.82,0.125,0.25,1.14,0.067,0.1,0.45,0.117,0.35,1.59,0.025,0.05,0.23
2026-05-24T07:00:00,15.0,90,cloudy,spring,0,weekend,commute,0.02,none,5.0,22.73,220.0,normal,insulation_degradation,c5,warn,1.0,0.0,0,0,0,none,0,0.0,none,0.0,,0.2,0.3,1.36,0.25,0.2,0.91,0.229,0.8,3.64,0.25,0.5,2.27,0.343,1.2,5.45,0.3,0.6,2.73,0.267,0.4,1.82,0.3,0.9,4.09,0.05,0.1,0.45
2026-05-24T08:00:00,17.0,85,cloudy,spring,0,weekend,commute,0.0,none,4.6,20.91,220.0,normal,insulation_degradation,c5,warn,1.0,0.0,0,0,0,none,0,0.0,none,0.0,,0.133,0.2,0.91,0.125,0.1,0.45,0.229,0.8,3.64,0.25,0.5,2.27,0.343,1.2,5.45,0.3,0.6,2.73,0.2,0.3,1.36,0.3,0.9,4.09,0.0,0.0,0.0
2026-05-24T10:00:00,20.0,70,clear,spring,0,weekend,work_am,0.03,none,5.0,22.73,220.0,normal,insulation_degradation,c5,warn,1.0,0.0,0,0,0,none,0,0.0,none,0.0,,0.2,0.3,1.36,0.25,0.2,0.91,0.229,0.8,3.64,0.25,0.5,2.27,0.343,1.2,5.45,0.3,0.6,2.73,0.267,0.4,1.82,0.3,0.9,4.09,0.05,0.1,0.45
2026-05-24T14:00:00,25.0,60,clear,spring,0,weekend,work_pm,0.03,none,5.0,22.73,220.0,normal,insulation_degradation,c5,warn,1.0,0.0,0,0,0,none,0,0.0,none,0.0,,0.2,0.3,1.36,0.25,0.2,0.91,0.229,0.8,3.64,0.25,0.5,2.27,0.343,1.2,5.45,0.3,0.6,2.73,0.267,0.4,1.82,0.3,0.9,4.09,0.05,0.1,0.45
2026-05-24T18:00:00,20.0,75,clear,spring,0,weekend,evening,0.0,none,4.5,20.45,220.0,normal,insulation_degradation,c5,warn,1.0,0.0,0,0,0,none,0,0.0,none,0.0,,0.2,0.3,1.36,0.25,0.2,0.91,0.229,0.8,3.64,0.25,0.5,2.27,0.343,1.2,5.45,0.2,0.4,1.82,0.133,0.2,0.91,0.3,0.9,4.09,0.0,0.0,0.0
2026-05-24T19:00:00,19.0,80,clear,spring,0,weekend,evening,0.01,none,4.6,20.91,220.0,normal,insulation_degradation,c5,warn,1.0,0.0,0,0,0,none,0,0.0,none,0.0,,0.2,0.3,1.36,0.25,0.2,0.91,0.229,0.8,3.64,0.25,0.5,2.27,0.343,1.2,5.45,0.2,0.4,1.82,0.133,0.2,0.91,0.3,0.9,4.09,0.05,0.1,0.45
2026-05-24T21:00:00,18.0,90,clear,spring,0,weekend,evening,0.03,none,1.85,8.41,220.0,normal,insulation_degradation,c5,warn,1.0,0.0,0,0,0,none,0,0.0,none,0.0,,0.133,0.2,0.91,0.125,0.1,0.45,0.086,0.3,1.36,0.075,0.15,0.68,0.114,0.4,1.82,0.125,0.25,1.14,0.067,0.1,0.45,0.117,0.35,1.59,0.0,0.0,0.0
2026-05-24T23:00:00,17.0,90,clear,spring,0,weekend,night,0.04,none,1.52,6.91,220.0,normal,insulation_degradation,c5,warn,1.0,0.0,0,0,0,none,0,0.0,none,0.0,,0.133,0.2,0.91,0.125,0.1,0.45,0.086,0.3,1.36,0.075,0.15,0.68,0.071,0.25,1.14,0.09,0.18,0.82,0.08,0.12,0.55,0.073,0.22,1.0,0.0,0.0,0.0
2026-05-25T00:00:00,17.0,95,clear,spring,0,weekday,night,0.0,none,1.0,4.55,220.0,normal,earth_fault,c5,warn,1.0,0.0,0,0,0,none,0,0.0,none,0.0,,0.067,0.1,0.45,0.062,0.05,0.23,0.057,0.2,0.91,0.04,0.08,0.36,0.086,0.3,1.36,0.06,0.12,0.55,0.0,0.0,0.0,0.05,0.15,0.68,0.0,0.0,0.0
2026-05-25T01:00:00,16.0,95,clear,spring,1,weekday,night,0.04,none,1.52,6.91,220.0,normal,earth_fault,c5,warn,1.0,0.0,0,0,1,watch,1,713.49,CC,87.7,30.1842°N / 126.6477°E,0.133,0.2,0.91,0.125,0.1,0.45,0.086,0.3,1.36,0.075,0.15,0.68,0.071,0.25,1.14,0.09,0.18,0.82,0.08,0.12,0.55,0.073,0.22,1.0,0.0,0.0,0.0
2026-05-25T03:00:00,16.0,95,clear,spring,0,weekday,night,0.0,none,0.9,4.09,220.0,normal,earth_fault,c5,warn,1.0,0.0,0,0,0,none,0,0.0,none,0.0,,0.067,0.1,0.45,0.0,0.0,0.0,0.057,0.2,0.91,0.0,0.0,0.0,0.086,0.3,1.36,0.05,0.1,0.45,0.0,0.0,0.0,0.067,0.2,0.91,0.0,0.0,0.0
2026-05-25T05:00:00,15.0,95,clear,spring,0,weekday,night,0.04,none,1.85,8.41,220.0,normal,earth_fault,c5,warn,1.0,0.0,0,0,0,none,0,0.0,none,0.0,,0.133,0.2,0.91,0.125,0.1,0.45,0.086,0.3,1.36,0.075,0.15,0.68,0.114,0.4,1.82,0.125,0.25,1.14,0.067,0.1,0.45,0.117,0.35,1.59,0.0,0.0,0.0
2026-05-25T07:00:00,16.0,95,partly_cloudy,spring,0,weekday,commute,0.4,none,9.26,42.09,220.0,normal,earth_fault,c5,warn,1.0,0.0,0,0,0,none,0,0.0,none,0.0,,0.533,0.8,3.64,1.2,0.96,4.36,0.171,0.6,2.73,0.75,1.5,6.82,0.657,2.3,10.45,0.45,0.9,4.09,0.733,1.1,5.0,0.233,0.7,3.18,0.2,0.4,1.82
2026-05-25T08:00:00,19.0,85,cloudy,spring,0,weekday,commute,0.33,none,9.0,40.91,220.0,normal,insulation_degradation,c5,warn,1.0,0.0,0,0,0,none,0,0.0,none,0.0,,0.4,0.6,2.73,0.5,0.4,1.82,0.4,1.4,6.36,0.45,0.9,4.09,0.657,2.3,10.45,0.55,1.1,5.0,0.333,0.5,2.27,0.567,1.7,7.73,0.05,0.1,0.45
2026-05-25T14:00:00,26.0,65,clear,spring,0,weekday,work_pm,0.86,none,9.7,44.09,220.0,normal,insulation_degradation,c5,warn,1.0,0.0,0,0,0,none,0,0.0,none,0.0,,0.4,0.6,2.73,0.5,0.4,1.82,0.4,1.4,6.36,0.45,0.9,4.09,0.657,2.3,10.45,0.55,1.1,5.0,0.333,0.5,2.27,0.567,1.7,7.73,0.4,0.8,3.64
2026-05-25T18:00:00,24.0,80,cloudy,spring,0,weekday,evening,0.16,none,9.5,43.18,220.0,normal,insulation_degradation,c5,warn,1.0,0.0,0,0,0,none,0,0.0,none,0.0,,0.4,0.6,2.73,0.5,0.4,1.82,0.514,1.8,8.18,0.35,0.7,3.18,0.657,2.3,10.45,0.55,1.1,5.0,0.333,0.5,2.27,0.633,1.9,8.64,0.1,0.2,0.91
2026-05-25T21:00:00,22.0,85,cloudy,spring,0,weekday,evening,0.12,visitor,8.9,40.45,220.0,normal,insulation_degradation,c5,warn,1.0,0.0,0,0,0,none,0,0.0,none,0.0,,0.4,0.6,2.73,0.5,0.4,1.82,0.514,1.8,8.18,0.45,0.9,4.09,0.657,2.3,10.45,0.55,1.1,5.0,0.333,0.5,2.27,0.4,1.2,5.45,0.05,0.1,0.45
2026-05-26T00:00:00,19.5,99,clear,spring,0,weekday,night,0.03,none,1.52,6.91,220.0,normal,earth_fault,c5,warn,1.0,0.0,0,0,0,none,0,0.0,none,0.0,,0.133,0.2,0.91,0.125,0.1,0.45,0.086,0.3,1.36,0.075,0.15,0.68,0.071,0.25,1.14,0.09,0.18,0.82,0.08,0.12,0.55,0.073,0.22,1.0,0.0,0.0,0.0
2026-05-26T01:00:00,19.5,99,clear,spring,0,weekday,night,0.01,none,1.06,4.82,220.0,normal,earth_fault,c5,warn,1.0,0.0,0,0,0,none,0,0.0,none,0.0,,0.067,0.1,0.45,0.062,0.05,0.23,0.057,0.2,0.91,0.04,0.08,0.36,0.086,0.3,1.36,0.06,0.12,0.55,0.04,0.06,0.27,0.05,0.15,0.68,0.0,0.0,0.0
2026-05-26T02:00:00,19.5,99,clear,spring,0,weekday,night,0.0,none,0.9,4.09,220.0,normal,earth_fault,c5,warn,1.0,0.0,0,0,0,none,0,0.0,none,0.0,,0.067,0.1,0.45,0.0,0.0,0.0,0.057,0.2,0.91,0.0,0.0,0.0,0.086,0.3,1.36,0.05,0.1,0.45,0.0,0.0,0.0,0.067,0.2,0.91,0.0,0.0,0.0
2026-05-26T03:00:00,19.0,95,cloudy,spring,0,weekday,night,0.01,none,1.08,4.91,220.0,normal,earth_fault,c5,warn,1.0,0.0,0,0,0,none,0,0.0,none,0.0,,0.067,0.1,0.45,0.062,0.05,0.23,0.057,0.2,0.91,0.04,0.08,0.36,0.086,0.3,1.36,0.06,0.12,0.55,0.04,0.06,0.27,0.05,0.15,0.68,0.01,0.02,0.09
2026-05-26T05:00:00,19.0,95,cloudy,spring,0,weekday,night,0.02,none,1.6,7.27,220.0,normal,earth_fault,c5,warn,1.0,0.0,0,0,0,none,0,0.0,none,0.0,,0.133,0.2,0.91,0.125,0.1,0.45,0.086,0.3,1.36,0.075,0.15,0.68,0.071,0.25,1.14,0.09,0.18,0.82,0.08,0.12,0.55,0.073,0.22,1.0,0.04,0.08,0.36
2026-05-26T06:00:00,19.0,95,cloudy,spring,0,weekday,night,0.0,none,1.5,6.82,220.0,normal,earth_fault,c5,warn,1.0,0.0,0,0,0,none,0,0.0,none,0.0,,0.133,0.2,0.91,0.125,0.1,0.45,0.086,0.3,1.36,0.075,0.15,0.68,0.071,0.25,1.14,0.09,0.18,0.82,0.08,0.12,0.55,0.067,0.2,0.91,0.0,0.0,0.0
2026-05-26T08:00:00,20.0,90,cloudy,spring,0,weekday,commute,0.39,construction,9.6,43.64,220.0,normal,earth_fault,c5,warn,1.0,0.0,0,0,0,none,0,0.0,none,0.0,,0.4,0.6,2.73,0.5,0.4,1.82,0.514,1.8,8.18,0.45,0.9,4.09,0.686,2.4,10.91,0.55,1.1,5.0,0.333,0.5,2.27,0.533,1.6,7.27,0.15,0.3,1.36
2026-05-26T13:00:00,23.0,95,rainy,spring,0,weekday,work_pm,0.96,none,10.66,48.45,220.0,normal,earth_fault,c5,warn,1.0,0.0,0,0,0,none,0,0.0,none,0.0,,0.533,0.8,3.64,1.2,0.96,4.36,0.429,1.5,6.82,0.45,0.9,4.09,0.657,2.3,10.45,0.55,1.1,5.0,0.4,0.6,2.73,0.6,1.8,8.18,0.35,0.7,3.18
2026-05-26T17:00:00,23.0,95,rainy,spring,0,weekday,work_pm,0.93,none,12.3,55.91,220.0,normal,insulation_degradation,c5,warn,1.0,0.0,0,0,0,none,0,0.0,none,0.0,,0.8,1.2,5.45,1.0,0.8,3.64,0.6,2.1,9.55,0.75,1.5,6.82,0.657,2.3,10.45,0.55,1.1,5.0,0.6,0.9,4.09,0.6,1.8,8.18,0.3,0.6,2.73
2026-05-27T00:00:00,20.4,98,clear,spring,0,weekday,night,0.04,none,1.78,8.09,220.0,normal,earth_fault,c5,warn,1.0,0.0,0,0,0,none,0,0.0,none,0.0,,0.133,0.2,0.91,0.125,0.1,0.45,0.086,0.3,1.36,0.075,0.15,0.68,0.114,0.4,1.82,0.09,0.18,0.82,0.08,0.12,0.55,0.083,0.25,1.14,0.04,0.08,0.36
2026-05-27T01:00:00,20.4,98,clear,spring,1,weekday,night,0.02,none,3.0,13.64,220.0,normal,earth_fault,c5,warn,1.0,0.0,0,0,1,watch,1,440.49,CG,58.7,33.2006°N / 129.1400°E,0.133,0.2,0.91,0.125,0.1,0.45,0.086,0.3,1.36,0.2,0.4,1.82,0.229,0.8,3.64,0.3,0.6,2.73,0.067,0.1,0.45,0.167,0.5,2.27,0.0,0.0,0.0
2026-05-27T02:00:00,20.4,98,clear,spring,0,weekday,night,0.0,none,0.9,4.09,220.0,normal,earth_fault,c5,warn,1.0,0.0,0,0,0,none,0,0.0,none,0.0,,0.067,0.1,0.45,0.0,0.0,0.0,0.057,0.2,0.91,0.0,0.0,0.0,0.086,0.3,1.36,0.05,0.1,0.45,0.0,0.0,0.0,0.067,0.2,0.91,0.0,0.0,0.0
2026-05-27T03:00:00,19.0,100,rainy,spring,0,weekday,night,0.02,none,2.03,9.23,220.0,normal,earth_fault,c5,warn,1.0,0.0,0,0,0,none,0,0.0,none,0.0,,0.133,0.2,0.91,0.187,0.15,0.68,0.086,0.3,1.36,0.125,0.25,1.14,0.114,0.4,1.82,0.09,0.18,0.82,0.08,0.12,0.55,0.117,0.35,1.59,0.04,0.08,0.36
2026-05-27T06:00:00,18.0,100,rainy,spring,0,weekday,night,0.0,none,1.5,6.82,220.0,normal,earth_fault,c5,warn,1.0,0.0,0,0,0,none,0,0.0,none,0.0,,0.133,0.2,0.91,0.125,0.1,0.45,0.086,0.3,1.36,0.075,0.15,0.68,0.071,0.25,1.14,0.09,0.18,0.82,0.067,0.1,0.45,0.073,0.22,1.0,0.0,0.0,0.0
2026-05-27T07:00:00,18.0,100,rainy,spring,0,weekday,commute,0.36,none,9.0,40.91,220.0,normal,earth_fault,c5,warn,1.0,0.0,0,0,0,none,0,0.0,none,0.0,,0.4,0.6,2.73,0.5,0.4,1.82,0.4,1.4,6.36,0.45,0.9,4.09,0.657,2.3,10.45,0.55,1.1,5.0,0.333,0.5,2.27,0.567,1.7,7.73,0.05,0.1,0.45
2026-05-27T10:00:00,19.0,100,rainy,spring,0,weekday,work_am,0.93,none,9.5,43.18,220.0,normal,insulation_degradation,c5,warn,1.0,0.0,0,0,0,none,0,0.0,none,0.0,,0.4,0.6,2.73,0.625,0.5,2.27,0.4,1.4,6.36,0.45,0.9,4.09,0.657,2.3,10.45,0.55,1.1,5.0,0.467,0.7,3.18,0.6,1.8,8.18,0.1,0.2,0.91
2026-05-27T15:00:00,24.0,80,cloudy,spring,0,weekday,work_pm,0.84,none,9.1,41.36,220.0,normal,insulation_degradation,c5,warn,1.0,0.0,0,0,0,none,0,0.0,none,0.0,,0.4,0.6,2.73,0.5,0.4,1.82,0.4,1.4,6.36,0.45,0.9,4.09,0.657,2.3,10.45,0.55,1.1,5.0,0.333,0.5,2.27,0.567,1.7,7.73,0.1,0.2,0.91
2026-05-27T20:00:00,21.0,90,partly_cloudy,spring,0,weekday,evening,0.15,none,7.0,31.82,220.0,normal,insulation_degradation,c5,warn,1.0,0.0,0,0,0,none,0,0.0,none,0.0,,0.4,0.6,2.73,0.5,0.4,1.82,0.314,1.1,5.0,0.35,0.7,3.18,0.514,1.8,8.18,0.4,0.8,3.64,0.2,0.3,1.36,0.4,1.2,5.45,0.05,0.1,0.45
2026-05-27T23:00:00,20.0,95,cloudy,spring,0,weekday,night,0.0,none,1.52,6.91,220.0,normal,earth_fault,c5,warn,1.0,0.0,0,0,0,none,0,0.0,none,0.0,,0.133,0.2,0.91,0.125,0.1,0.45,0.086,0.3,1.36,0.075,0.15,0.68,0.071,0.25,1.14,0.09,0.18,0.82,0.08,0.12,0.55,0.073,0.22,1.0,0.0,0.0,0.0
2026-05-28T00:00:00,20.1,99,clear,spring,0,weekday,night,0.0,none,1.0,4.55,220.0,normal,earth_fault,c5,warn,1.0,0.0,0,0,0,none,0,0.0,none,0.0,,0.067,0.1,0.45,0.062,0.05,0.23,0.057,0.2,0.91,0.04,0.08,0.36,0.086,0.3,1.36,0.06,0.12,0.55,0.0,0.0,0.0,0.05,0.15,0.68,0.0,0.0,0.0
2026-05-28T01:00:00,20.1,99,clear,spring,0,weekday,night,0.0,none,0.9,4.09,220.0,normal,earth_fault,c5,warn,1.0,0.0,0,0,0,none,0,0.0,none,0.0,,0.067,0.1,0.45,0.0,0.0,0.0,0.057,0.2,0.91,0.0,0.0,0.0,0.086,0.3,1.36,0.05,0.1,0.45,0.0,0.0,0.0,0.067,0.2,0.91,0.0,0.0,0.0
2026-05-28T02:00:00,20.1,99,clear,spring,0,weekday,night,0.0,none,0.9,4.09,220.0,normal,earth_fault,c5,warn,1.0,0.0,0,0,0,none,0,0.0,none,0.0,,0.067,0.1,0.45,0.0,0.0,0.0,0.057,0.2,0.91,0.0,0.0,0.0,0.086,0.3,1.36,0.05,0.1,0.45,0.0,0.0,0.0,0.067,0.2,0.91,0.0,0.0,0.0
2026-05-28T03:00:00,20.0,95,cloudy,spring,0,weekday,night,0.04,none,1.6,7.27,220.0,normal,earth_fault,c5,warn,1.0,0.0,0,0,0,none,0,0.0,none,0.0,,0.133,0.2,0.91,0.125,0.1,0.45,0.086,0.3,1.36,0.075,0.15,0.68,0.071,0.25,1.14,0.09,0.18,0.82,0.08,0.12,0.55,0.073,0.22,1.0,0.04,0.08,0.36
2026-05-28T05:00:00,18.0,100,rainy,spring,0,weekday,night,0.0,none,1.85,8.41,220.0,normal,earth_fault,c5,warn,1.0,0.0,0,0,0,none,0,0.0,none,0.0,,0.133,0.2,0.91,0.125,0.1,0.45,0.086,0.3,1.36,0.075,0.15,0.68,0.114,0.4,1.82,0.125,0.25,1.14,0.067,0.1,0.45,0.117,0.35,1.59,0.0,0.0,0.0
2026-05-28T07:00:00,19.0,95,rainy,spring,0,weekday,commute,0.37,none,9.1,41.36,220.0,normal,earth_fault,c6,warn,1.0,0.0,0,0,0,none,0,0.0,none,0.0,,0.4,0.6,2.73,0.5,0.4,1.82,0.4,1.4,6.36,0.45,0.9,4.09,0.657,2.3,10.45,0.55,1.1,5.0,0.333,0.5,2.27,0.567,1.7,7.73,0.1,0.2,0.91
2026-05-28T10:00:00,22.0,75,cloudy,spring,0,weekday,work_am,0.92,none,10.9,49.55,220.0,normal,harmonic_distortion,c5,warn,1.0,0.0,0,0,0,none,0,0.0,none,0.0,,0.8,1.2,5.45,1.0,0.8,3.64,0.429,1.5,6.82,0.45,0.9,4.09,0.657,2.3,10.45,0.55,1.1,5.0,0.4,0.6,2.73,0.6,1.8,8.18,0.35,0.7,3.18
2026-05-28T14:00:00,22.0,80,clear,spring,0,weekday,work_pm,0.94,overtime,18.06,82.09,220.0,warn,insulation_degradation,c5,warn,1.0,0.0,0,0,0,none,0,0.0,none,0.0,,1.2,1.8,8.18,1.2,0.96,4.36,0.771,2.7,12.27,0.75,1.5,6.82,0.914,3.2,14.55,1.05,2.1,9.55,1.2,1.8,8.18,0.933,2.8,12.73,0.6,1.2,5.45
2026-05-28T19:00:00,17.0,95,clear,spring,0,weekday,evening,0.16,none,9.2,41.82,220.0,normal,earth_fault,c5,warn,1.0,0.0,0,0,0,none,0,0.0,none,0.0,,0.4,0.6,2.73,0.5,0.4,1.82,0.4,1.4,6.36,0.45,0.9,4.09,0.657,2.3,10.45,0.55,1.1,5.0,0.333,0.5,2.27,0.6,1.8,8.18,0.1,0.2,0.91
2026-05-28T23:00:00,16.0,100,clear,spring,0,weekday,night,0.05,none,1.62,7.36,220.0,normal,earth_fault,c6,warn,1.0,0.0,0,0,0,none,0,0.0,none,0.0,,0.133,0.2,0.91,0.125,0.1,0.45,0.086,0.3,1.36,0.075,0.15,0.68,0.071,0.25,1.14,0.09,0.18,0.82,0.08,0.12,0.55,0.073,0.22,1.0,0.05,0.1,0.45
2026-05-29T00:00:00,15.5,99,clear,spring,0,weekday,night,0.03,none,1.85,8.41,220.0,normal,earth_fault,c5,warn,1.0,0.0,0,0,0,none,0,0.0,none,0.0,,0.133,0.2,0.91,0.125,0.1,0.45,0.086,0.3,1.36,0.075,0.15,0.68,0.114,0.4,1.82,0.125,0.25,1.14,0.067,0.1,0.45,0.117,0.35,1.59,0.0,0.0,0.0
2026-05-29T01:00:00,15.5,99,clear,spring,0,weekday,night,0.0,none,0.9,4.09,220.0,normal,earth_fault,c5,warn,1.0,0.0,0,0,0,none,0,0.0,none,0.0,,0.067,0.1,0.45,0.0,0.0,0.0,0.057,0.2,0.91,0.0,0.0,0.0,0.086,0.3,1.36,0.05,0.1,0.45,0.0,0.0,0.0,0.067,0.2,0.91,0.0,0.0,0.0
2026-05-29T02:00:00,15.5,99,clear,spring,0,weekday,night,0.0,none,1.85,8.41,220.0,normal,earth_fault,c5,warn,1.0,0.0,0,0,0,none,0,0.0,none,0.0,,0.133,0.2,0.91,0.125,0.1,0.45,0.086,0.3,1.36,0.075,0.15,0.68,0.114,0.4,1.82,0.125,0.25,1.14,0.067,0.1,0.45,0.117,0.35,1.59,0.0,0.0,0.0
2026-05-29T03:00:00,14.0,95,clear,spring,0,weekday,night,0.0,none,0.9,4.09,220.0,normal,earth_fault,c5,warn,1.0,0.0,0,0,0,none,0,0.0,none,0.0,,0.067,0.1,0.45,0.0,0.0,0.0,0.057,0.2,0.91,0.0,0.0,0.0,0.086,0.3,1.36,0.05,0.1,0.45,0.0,0.0,0.0,0.067,0.2,0.91,0.0,0.0,0.0
2026-05-29T05:00:00,14.0,95,clear,spring,0,weekday,night,0.06,none,3.2,14.55,220.0,normal,earth_fault,c5,warn,1.0,0.0,0,0,0,none,0,0.0,none,0.0,,0.133,0.2,0.91,0.125,0.1,0.45,0.086,0.3,1.36,0.2,0.4,1.82,0.229,0.8,3.64,0.3,0.6,2.73,0.133,0.2,0.91,0.167,0.5,2.27,0.05,0.1,0.45
2026-05-29T07:00:00,15.0,90,clear,spring,0,weekday,commute,0.47,visitor,9.3,42.27,220.0,normal,insulation_degradation,c5,warn,1.0,0.0,0,0,0,none,0,0.0,none,0.0,,0.4,0.6,2.73,0.5,0.4,1.82,0.429,1.5,6.82,0.45,0.9,4.09,0.657,2.3,10.45,0.55,1.1,5.0,0.333,0.5,2.27,0.6,1.8,8.18,0.1,0.2,0.91
2026-05-29T10:00:00,20.0,70,clear,spring,0,weekday,work_am,0.9,none,9.5,43.18,220.0,normal,insulation_degradation,c5,warn,1.0,0.0,0,0,0,none,0,0.0,none,0.0,,0.4,0.6,2.73,1.0,0.8,3.64,0.4,1.4,6.36,0.45,0.9,4.09,0.657,2.3,10.45,0.55,1.1,5.0,0.333,0.5,2.27,0.567,1.7,7.73,0.1,0.2,0.91
2026-05-29T15:00:00,24.0,55,clear,spring,0,weekday,work_pm,0.97,construction,12.66,57.55,220.0,normal,insulation_degradation,c5,warn,1.0,0.0,0,0,0,none,0,0.0,none,0.0,,0.533,0.8,3.64,1.2,0.96,4.36,0.657,2.3,10.45,0.75,1.5,6.82,0.8,2.8,12.73,0.55,1.1,5.0,0.6,0.9,4.09,0.533,1.6,7.27,0.35,0.7,3.18
2026-05-29T19:00:00,19.0,70,clear,spring,0,weekday,evening,0.18,none,5.0,22.73,220.0,normal,insulation_degradation,c5,warn,1.0,0.0,0,0,0,none,0,0.0,none,0.0,,0.2,0.3,1.36,0.25,0.2,0.91,0.229,0.8,3.64,0.25,0.5,2.27,0.343,1.2,5.45,0.35,0.7,3.18,0.267,0.4,1.82,0.3,0.9,4.09,0.0,0.0,0.0
2026-05-29T23:00:00,15.0,80,clear,spring,0,weekday,night,0.0,none,1.75,7.95,220.0,normal,insulation_degradation,c5,warn,1.0,0.0,0,0,0,none,0,0.0,none,0.0,,0.133,0.2,0.91,0.125,0.1,0.45,0.086,0.3,1.36,0.075,0.15,0.68,0.114,0.4,1.82,0.125,0.25,1.14,0.067,0.1,0.45,0.067,0.2,0.91,0.025,0.05,0.23
2026-05-30T00:00:00,11.1,99,clear,spring,0,weekend,night,0.05,none,1.52,6.91,220.0,normal,earth_fault,c6,warn,1.0,0.0,0,0,0,none,0,0.0,none,0.0,,0.133,0.2,0.91,0.125,0.1,0.45,0.086,0.3,1.36,0.075,0.15,0.68,0.071,0.25,1.14,0.09,0.18,0.82,0.08,0.12,0.55,0.073,0.22,1.0,0.0,0.0,0.0
2026-05-30T01:00:00,11.1,99,clear,spring,0,weekend,night,0.01,none,1.06,4.82,220.0,normal,earth_fault,c5,warn,1.0,0.0,0,0,0,none,0,0.0,none,0.0,,0.067,0.1,0.45,0.062,0.05,0.23,0.057,0.2,0.91,0.04,0.08,0.36,0.086,0.3,1.36,0.06,0.12,0.55,0.0,0.0,0.0,0.05,0.15,0.68,0.03,0.06,0.27
2026-05-30T02:00:00,11.1,99,clear,spring,0,weekend,night,0.01,none,1.52,6.91,220.0,normal,earth_fault,c5,warn,1.0,0.0,0,0,0,none,0,0.0,none,0.0,,0.133,0.2,0.91,0.125,0.1,0.45,0.086,0.3,1.36,0.075,0.15,0.68,0.071,0.25,1.14,0.09,0.18,0.82,0.08,0.12,0.55,0.073,0.22,1.0,0.0,0.0,0.0
2026-05-30T03:00:00,14.0,85,clear,spring,0,weekend,night,0.01,none,1.52,6.91,220.0,normal,insulation_degradation,c5,warn,1.0,0.0,0,0,0,none,0,0.0,none,0.0,,0.133,0.2,0.91,0.125,0.1,0.45,0.086,0.3,1.36,0.075,0.15,0.68,0.071,0.25,1.14,0.09,0.18,0.82,0.08,0.12,0.55,0.073,0.22,1.0,0.0,0.0,0.0
2026-05-30T05:00:00,14.0,85,clear,spring,0,weekend,night,0.02,none,1.48,6.73,220.0,normal,insulation_degradation,c5,warn,1.0,0.0,0,0,0,none,0,0.0,none,0.0,,0.133,0.2,0.91,0.125,0.1,0.45,0.086,0.3,1.36,0.075,0.15,0.68,0.071,0.25,1.14,0.09,0.18,0.82,0.067,0.1,0.45,0.067,0.2,0.91,0.0,0.0,0.0
2026-05-30T07:00:00,16.0,85,clear,spring,0,weekend,commute,0.03,none,2.5,11.36,220.0,normal,insulation_degradation,c5,warn,1.0,0.0,0,0,0,none,0,0.0,none,0.0,,0.133,0.2,0.91,0.125,0.1,0.45,0.086,0.3,1.36,0.2,0.4,1.82,0.143,0.5,2.27,0.15,0.3,1.36,0.133,0.2,0.91,0.133,0.4,1.82,0.05,0.1,0.45
2026-05-30T10:00:00,22.0,60,clear,spring,0,weekend,work_am,0.04,none,5.0,22.73,220.0,normal,insulation_degradation,c5,warn,1.0,0.0,0,0,0,none,0,0.0,none,0.0,,0.2,0.3,1.36,0.25,0.2,0.91,0.229,0.8,3.64,0.25,0.5,2.27,0.343,1.2,5.45,0.3,0.6,2.73,0.267,0.4,1.82,0.3,0.9,4.09,0.05,0.1,0.45
2026-05-30T14:00:00,24.0,55,clear,spring,0,weekend,work_pm,0.05,none,4.8,21.82,220.0,normal,insulation_degradation,c5,warn,1.0,0.0,0,0,0,none,0,0.0,none,0.0,,0.2,0.3,1.36,0.25,0.2,0.91,0.229,0.8,3.64,0.25,0.5,2.27,0.343,1.2,5.45,0.3,0.6,2.73,0.133,0.2,0.91,0.3,0.9,4.09,0.05,0.1,0.45
2026-05-30T17:00:00,23.0,60,clear,spring,0,weekend,work_pm,0.04,none,5.0,22.73,220.0,normal,insulation_degradation,c5,warn,1.0,0.0,0,0,0,none,0,0.0,none,0.0,,0.2,0.3,1.36,0.25,0.2,0.91,0.229,0.8,3.64,0.25,0.5,2.27,0.343,1.2,5.45,0.3,0.6,2.73,0.267,0.4,1.82,0.3,0.9,4.09,0.05,0.1,0.45
2026-05-30T19:00:00,20.0,80,clear,spring,0,weekend,evening,0.03,none,4.8,21.82,220.0,normal,insulation_degradation,c5,warn,1.0,0.0,0,0,0,none,0,0.0,none,0.0,,0.2,0.3,1.36,0.25,0.2,0.91,0.229,0.8,3.64,0.25,0.5,2.27,0.343,1.2,5.45,0.3,0.6,2.73,0.133,0.2,0.91,0.3,0.9,4.09,0.05,0.1,0.45
2026-05-30T20:00:00,19.0,85,clear,spring,0,weekend,evening,0.04,none,4.8,21.82,220.0,normal,insulation_degradation,c5,warn,1.0,0.0,0,0,0,none,0,0.0,none,0.0,,0.2,0.3,1.36,0.25,0.2,0.91,0.229,0.8,3.64,0.25,0.5,2.27,0.343,1.2,5.45,0.3,0.6,2.73,0.133,0.2,0.91,0.3,0.9,4.09,0.05,0.1,0.45
2026-05-30T23:00:00,17.0,85,clear,spring,0,weekend,night,0.01,none,1.4,6.36,220.0,normal,insulation_degradation,c5,warn,1.0,0.0,0,0,0,none,0,0.0,none,0.0,,0.133,0.2,0.91,0.125,0.1,0.45,0.086,0.3,1.36,0.075,0.15,0.68,0.071,0.25,1.14,0.09,0.18,0.82,0.0,0.0,0.0,0.073,0.22,1.0,0.0,0.0,0.0
2026-05-31T00:00:00,17.0,90,clear,spring,0,weekend,night,0.04,none,1.48,6.73,220.0,normal,insulation_degradation,c5,warn,1.0,0.0,0,0,0,none,0,0.0,none,0.0,,0.133,0.2,0.91,0.125,0.1,0.45,0.086,0.3,1.36,0.075,0.15,0.68,0.071,0.25,1.14,0.09,0.18,0.82,0.067,0.1,0.45,0.067,0.2,0.91,0.0,0.0,0.0
2026-05-31T01:00:00,17.0,90,clear,spring,0,weekend,night,0.02,none,1.7,7.73,220.0,normal,insulation_degradation,c5,warn,1.0,0.0,0,0,0,none,0,0.0,none,0.0,,0.133,0.2,0.91,0.125,0.1,0.45,0.086,0.3,1.36,0.075,0.15,0.68,0.114,0.4,1.82,0.125,0.25,1.14,0.067,0.1,0.45,0.067,0.2,0.91,0.0,0.0,0.0
2026-05-31T02:00:00,16.0,90,clear,spring,0,weekend,night,0.05,none,3.8,17.27,220.0,normal,earth_fault,c6,warn,1.0,0.0,0,0,0,none,0,0.0,none,0.0,,0.133,0.2,0.91,0.125,0.1,0.45,0.086,0.3,1.36,0.2,0.4,1.82,0.229,0.8,3.64,0.3,0.6,2.73,0.133,0.2,0.91,0.4,1.2,5.45,0.0,0.0,0.0
2026-05-31T04:00:00,16.0,90,clear,spring,0,weekend,night,0.03,none,1.7,7.73,220.0,normal,insulation_degradation,c5,warn,1.0,0.0,0,0,0,none,0,0.0,none,0.0,,0.133,0.2,0.91,0.125,0.1,0.45,0.086,0.3,1.36,0.075,0.15,0.68,0.114,0.4,1.82,0.125,0.25,1.14,0.067,0.1,0.45,0.067,0.2,0.91,0.0,0.0,0.0
2026-05-31T06:00:00,16.0,85,clear,spring,0,weekend,night,0.04,none,1.75,7.95,220.0,normal,insulation_degradation,c5,warn,1.0,0.0,0,0,0,none,0,0.0,none,0.0,,0.133,0.2,0.91,0.125,0.1,0.45,0.086,0.3,1.36,0.075,0.15,0.68,0.114,0.4,1.82,0.125,0.25,1.14,0.067,0.1,0.45,0.067,0.2,0.91,0.025,0.05,0.23
2026-05-31T08:00:00,20.0,70,clear,spring,0,weekend,commute,0.04,none,9.4,42.73,220.0,normal,insulation_degradation,c5,warn,1.0,0.0,0,0,0,none,0,0.0,none,0.0,,0.4,0.6,2.73,0.5,0.4,1.82,0.514,1.8,8.18,0.45,0.9,4.09,0.657,2.3,10.45,0.55,1.1,5.0,0.333,0.5,2.27,0.533,1.6,7.27,0.1,0.2,0.91
2026-05-31T13:00:00,25.0,45,clear,spring,0,weekend,work_pm,0.01,none,5.0,22.73,220.0,normal,harmonic_distortion,c5,warn,1.0,0.0,0,0,0,none,0,0.0,none,0.0,,0.2,0.3,1.36,0.25,0.2,0.91,0.229,0.8,3.64,0.25,0.5,2.27,0.343,1.2,5.45,0.3,0.6,2.73,0.267,0.4,1.82,0.3,0.9,4.09,0.05,0.1,0.45
2026-05-31T17:00:00,24.0,50,clear,spring,0,weekend,work_pm,0.04,none,4.9,22.27,220.0,normal,insulation_degradation,c5,warn,1.0,0.0,0,0,0,none,0,0.0,none,0.0,,0.2,0.3,1.36,0.25,0.2,0.91,0.229,0.8,3.64,0.25,0.5,2.27,0.343,1.2,5.45,0.35,0.7,3.18,0.133,0.2,0.91,0.3,0.9,4.09,0.05,0.1,0.45
2026-05-31T19:00:00,21.0,70,clear,spring,0,weekend,evening,0.05,none,5.0,22.73,220.0,normal,low_power_factor,c5,warn,1.0,0.0,0,0,0,none,0,0.0,none,0.0,,0.2,0.3,1.36,0.25,0.2,0.91,0.229,0.8,3.64,0.25,0.5,2.27,0.343,1.2,5.45,0.3,0.6,2.73,0.267,0.4,1.82,0.3,0.9,4.09,0.05,0.1,0.45
2026-05-31T20:00:00,19.0,75,clear,spring,0,weekend,evening,0.04,none,5.0,22.73,220.0,normal,insulation_degradation,c5,warn,1.0,0.0,0,0,0,none,0,0.0,none,0.0,,0.2,0.3,1.36,0.25,0.2,0.91,0.229,0.8,3.64,0.25,0.5,2.27,0.343,1.2,5.45,0.3,0.6,2.73,0.267,0.4,1.82,0.3,0.9,4.09,0.05,0.1,0.45
2026-05-31T23:00:00,18.0,75,partly_cloudy,spring,0,weekend,night,0.0,none,1.35,6.14,220.0,normal,low_power_factor,c5,warn,1.0,0.0,0,0,0,none,0,0.0,none,0.0,,0.133,0.2,0.91,0.125,0.1,0.45,0.086,0.3,1.36,0.075,0.15,0.68,0.071,0.25,1.14,0.09,0.18,0.82,0.0,0.0,0.0,0.04,0.12,0.55,0.025,0.05,0.23
2026-06-01T00:00:00,18.0,75,partly_cloudy,summer,0,weekday,night,0.03,none,1.52,6.91,220.0,normal,low_power_factor,c5,warn,1.0,0.0,0,0,0,none,0,0.0,none,0.0,,0.133,0.2,0.91,0.125,0.1,0.45,0.086,0.3,1.36,0.075,0.15,0.68,0.071,0.25,1.14,0.09,0.18,0.82,0.08,0.12,0.55,0.073,0.22,1.0,0.0,0.0,0.0
2026-06-01T01:00:00,18.0,80,partly_cloudy,summer,0,weekday,night,0.0,none,0.9,4.09,220.0,normal,insulation_degradation,c5,warn,1.0,0.0,0,0,0,none,0,0.0,none,0.0,,0.067,0.1,0.45,0.0,0.0,0.0,0.057,0.2,0.91,0.0,0.0,0.0,0.086,0.3,1.36,0.05,0.1,0.45,0.0,0.0,0.0,0.067,0.2,0.91,0.0,0.0,0.0
2026-06-01T02:00:00,17.0,80,partly_cloudy,summer,0,weekday,night,0.04,none,1.52,6.91,220.0,normal,insulation_degradation,c5,warn,1.0,0.0,0,0,0,none,0,0.0,none,0.0,,0.133,0.2,0.91,0.125,0.1,0.45,0.086,0.3,1.36,0.075,0.15,0.68,0.071,0.25,1.14,0.09,0.18,0.82,0.08,0.12,0.55,0.073,0.22,1.0,0.0,0.0,0.0
2026-06-01T04:00:00,17.0,80,cloudy,summer,0,weekday,night,0.0,none,1.52,6.91,220.0,normal,insulation_degradation,c5,warn,1.0,0.0,0,0,0,none,0,0.0,none,0.0,,0.133,0.2,0.91,0.125,0.1,0.45,0.086,0.3,1.36,0.075,0.15,0.68,0.071,0.25,1.14,0.09,0.18,0.82,0.08,0.12,0.55,0.073,0.22,1.0,0.0,0.0,0.0
2026-06-01T06:00:00,16.0,80,cloudy,summer,0,weekday,night,0.0,none,2.6,11.82,220.0,normal,insulation_degradation,c5,warn,1.0,0.0,0,0,0,none,0,0.0,none,0.0,,0.133,0.2,0.91,0.125,0.1,0.45,0.086,0.3,1.36,0.2,0.4,1.82,0.229,0.8,3.64,0.1,0.2,0.91,0.067,0.1,0.45,0.167,0.5,2.27,0.0,0.0,0.0
2026-06-01T08:00:00,20.0,70,cloudy,summer,0,weekday,commute,0.44,visitor,10.66,48.45,220.0,normal,insulation_degradation,c5,warn,1.0,0.0,0,0,0,none,0,0.0,none,0.0,,0.533,0.8,3.64,1.2,0.96,4.36,0.429,1.5,6.82,0.45,0.9,4.09,0.657,2.3,10.45,0.55,1.1,5.0,0.467,0.7,3.18,0.6,1.8,8.18,0.3,0.6,2.73
2026-06-04T00:00:00,28.1,61,clear,summer,0,weekday,night,0.0,none,1.52,6.91,220.0,normal,none,none,none,1.0,0.0,0,0,0,none,0,0.0,none,0.0,,0.133,0.2,0.91,0.125,0.1,0.45,0.086,0.3,1.36,0.075,0.15,0.68,0.071,0.25,1.14,0.09,0.18,0.82,0.08,0.12,0.55,0.073,0.22,1.0,0.0,0.0,0.0
2026-06-04T01:00:00,28.1,61,clear,summer,0,weekday,night,0.0,none,0.4,1.82,220.0,normal,none,none,none,1.0,0.0,0,0,0,none,0,0.0,none,0.0,,0.0,0.0,0.0,0.0,0.0,0.0,0.029,0.1,0.45,0.0,0.0,0.0,0.057,0.2,0.91,0.0,0.0,0.0,0.0,0.0,0.0,0.033,0.1,0.45,0.0,0.0,0.0
2026-06-04T02:00:00,28.1,61,clear,summer,0,weekday,night,0.04,none,2.1,9.55,220.0,normal,none,none,none,1.0,0.0,0,0,0,none,0,0.0,none,0.0,,0.133,0.2,0.91,0.125,0.1,0.45,0.086,0.3,1.36,0.2,0.4,1.82,0.143,0.5,2.27,0.1,0.2,0.91,0.067,0.1,0.45,0.1,0.3,1.36,0.0,0.0,0.0
2026-06-04T03:00:00,28.1,61,clear,summer,0,weekday,night,0.08,none,1.52,6.91,220.0,normal,none,none,none,1.0,0.0,0,0,0,none,0,0.0,none,0.0,,0.133,0.2,0.91,0.125,0.1,0.45,0.086,0.3,1.36,0.075,0.15,0.68,0.071,0.25,1.14,0.09,0.18,0.82,0.08,0.12,0.55,0.073,0.22,1.0,0.0,0.0,0.0
2026-06-04T04:00:00,28.1,61,clear,summer,0,weekday,night,0.0,none,0.7,3.18,220.0,normal,none,none,none,1.0,0.0,0,0,0,none,0,0.0,none,0.0,,0.067,0.1,0.45,0.0,0.0,0.0,0.057,0.2,0.91,0.0,0.0,0.0,0.086,0.3,1.36,0.0,0.0,0.0,0.067,0.1,0.45,0.0,0.0,0.0,0.0,0.0,0.0
2026-06-04T05:00:00,28.1,61,clear,summer,0,weekday,night,0.0,none,1.8,8.18,220.0,normal,none,none,none,1.0,0.0,0,0,0,none,0,0.0,none,0.0,,0.133,0.2,0.91,0.125,0.1,0.45,0.086,0.3,1.36,0.075,0.15,0.68,0.114,0.4,1.82,0.125,0.25,1.14,0.12,0.18,0.82,0.073,0.22,1.0,0.0,0.0,0.0
2026-06-04T06:00:00,28.1,61,clear,summer,0,weekday,night,0.0,none,1.52,6.91,220.0,normal,none,none,none,1.0,0.0,0,0,0,none,0,0.0,none,0.0,,0.133,0.2,0.91,0.125,0.1,0.45,0.086,0.3,1.36,0.075,0.15,0.68,0.071,0.25,1.14,0.09,0.18,0.82,0.08,0.12,0.55,0.073,0.22,1.0,0.0,0.0,0.0
2026-06-04T07:00:00,28.1,61,clear,summer,1,weekday,commute,0.39,visitor,10.26,46.64,220.0,normal,none,none,none,1.0,0.0,0,0,1,watch,1,456.37,CC,48.5,32.5671°N / 127.5813°E,0.533,0.8,3.64,1.2,0.96,4.36,0.171,0.6,2.73,0.75,1.5,6.82,0.657,2.3,10.45,0.45,0.9,4.09,0.733,1.1,5.0,0.233,0.7,3.18,0.7,1.4,6.36
2026-06-04T08:00:00,28.1,61,clear,summer,1,weekday,commute,0.41,overtime,10.26,46.64,220.0,normal,none,none,none,1.0,0.0,0,0,1,watch,2,537.35,CG,48.1,31.8179°N / 127.4963°E,0.533,0.8,3.64,1.2,0.96,4.36,0.257,0.9,4.09,0.75,1.5,6.82,0.657,2.3,10.45,0.35,0.7,3.18,0.733,1.1,5.0,0.2,0.6,2.73,0.7,1.4,6.36
2026-06-04T09:00:00,28.1,61,clear,summer,0,weekday,work_am,0.82,none,10.26,46.64,220.0,normal,none,none,none,1.0,0.0,0,0,0,none,0,0.0,none,0.0,,0.533,0.8,3.64,1.2,0.96,4.36,0.171,0.6,2.73,0.75,1.5,6.82,0.657,2.3,10.45,0.45,0.9,4.09,0.733,1.1,5.0,0.233,0.7,3.18,0.7,1.4,6.36
2026-06-04T10:00:00,28.1,61,clear,summer,1,weekday,work_am,0.83,visitor,8.7,39.55,220.0,normal,none,none,none,1.0,0.0,0,0,1,watch,4,347.97,CG,-10.2,39.6652°N / 125.8538°E,0.4,0.6,2.73,0.5,0.4,1.82,0.371,1.3,5.91,0.45,0.9,4.09,0.629,2.2,10.0,0.5,1.0,4.55,0.333,0.5,2.27,0.533,1.6,7.27,0.1,0.2,0.91
2026-06-04T11:00:00,28.1,61,clear,summer,1,weekday,work_am,0.88,none,9.5,43.18,220.0,normal,none,none,none,1.0,0.0,0,0,1,watch,12,356.0,CG,-17.2,39.1634°N / 124.2284°E,0.533,0.8,3.64,0.75,0.6,2.73,0.4,1.4,6.36,0.45,0.9,4.09,0.657,2.3,10.45,0.55,1.1,5.0,0.333,0.5,2.27,0.567,1.7,7.73,0.1,0.2,0.91
2026-06-04T12:00:00,25.0,70,clear,summer,1,weekday,lunch,0.5,visitor,8.4,38.18,220.0,normal,none,none,none,1.0,0.0,0,0,1,watch,7,318.3,CG,21.6,39.0051°N / 124.6940°E,0.4,0.6,2.73,0.5,0.4,1.82,0.371,1.3,5.91,0.45,0.9,4.09,0.629,2.2,10.0,0.4,0.8,3.64,0.333,0.5,2.27,0.533,1.6,7.27,0.05,0.1,0.45
2026-06-04T13:00:00,25.0,75,partly_cloudy,summer,0,weekday,work_pm,0.97,overtime,8.5,38.64,220.0,normal,none,none,none,1.0,0.0,0,0,0,none,0,0.0,none,0.0,,0.4,0.6,2.73,0.5,0.4,1.82,0.371,1.3,5.91,0.45,0.9,4.09,0.629,2.2,10.0,0.4,0.8,3.64,0.333,0.5,2.27,0.533,1.6,7.27,0.1,0.2,0.91
2026-06-04T14:00:00,25.0,75,partly_cloudy,summer,0,weekday,work_pm,0.9,none,8.5,38.64,220.0,normal,none,none,none,1.0,0.0,0,0,0,none,0,0.0,none,0.0,,0.4,0.6,2.73,0.5,0.4,1.82,0.371,1.3,5.91,0.45,0.9,4.09,0.629,2.2,10.0,0.4,0.8,3.64,0.333,0.5,2.27,0.533,1.6,7.27,0.1,0.2,0.91
2026-06-04T15:00:00,25.0,75,partly_cloudy,summer,0,weekday,work_pm,0.88,visitor,8.2,37.27,220.0,normal,none,none,none,1.0,0.0,0,0,0,none,0,0.0,none,0.0,,0.4,0.6,2.73,0.5,0.4,1.82,0.314,1.1,5.0,0.45,0.9,4.09,0.657,2.3,10.45,0.4,0.8,3.64,0.333,0.5,2.27,0.467,1.4,6.36,0.1,0.2,0.91
2026-06-04T16:00:00,24.0,80,clear,summer,0,weekday,work_pm,0.87,none,9.96,45.27,220.0,normal,none,none,none,1.0,0.0,0,0,0,none,0,0.0,none,0.0,,0.533,0.8,3.64,1.2,0.96,4.36,0.171,0.6,2.73,0.75,1.5,6.82,0.657,2.3,10.45,0.45,0.9,4.09,0.467,0.7,3.18,0.6,1.8,8.18,0.2,0.4,1.82
2026-06-04T17:00:00,23.0,80,clear,summer,0,weekday,work_pm,0.82,none,8.0,36.36,220.0,normal,none,none,none,1.0,0.0,0,0,0,none,0,0.0,none,0.0,,0.4,0.6,2.73,0.5,0.4,1.82,0.314,1.1,5.0,0.35,0.7,3.18,0.657,2.3,10.45,0.4,0.8,3.64,0.333,0.5,2.27,0.467,1.4,6.36,0.1,0.2,0.91
2026-06-04T18:00:00,22.0,85,clear,summer,0,weekday,evening,0.21,overtime,9.5,43.18,220.0,normal,none,none,none,1.0,0.0,0,0,0,none,0,0.0,none,0.0,,0.4,0.6,2.73,0.5,0.4,1.82,0.514,1.8,8.18,0.45,0.9,4.09,0.657,2.3,10.45,0.55,1.1,5.0,0.333,0.5,2.27,0.567,1.7,7.73,0.1,0.2,0.91
2026-06-04T19:00:00,21.0,90,clear,summer,0,weekday,evening,0.15,none,5.0,22.73,220.0,normal,none,none,none,1.0,0.0,0,0,0,none,0,0.0,none,0.0,,0.2,0.3,1.36,0.25,0.2,0.91,0.229,0.8,3.64,0.25,0.5,2.27,0.343,1.2,5.45,0.2,0.4,1.82,0.4,0.6,2.73,0.3,0.9,4.09,0.05,0.1,0.45
2026-06-04T20:00:00,20.0,95,partly_cloudy,summer,0,weekday,evening,0.24,none,7.3,33.18,220.0,normal,none,none,none,1.0,0.0,0,0,0,none,0,0.0,none,0.0,,0.4,0.6,2.73,0.5,0.4,1.82,0.314,1.1,5.0,0.35,0.7,3.18,0.543,1.9,8.64,0.4,0.8,3.64,0.2,0.3,1.36,0.433,1.3,5.91,0.1,0.2,0.91
2026-06-04T21:00:00,20.0,95,partly_cloudy,summer,0,weekday,evening,0.17,none,4.3,19.55,220.0,normal,none,none,none,1.0,0.0,0,0,0,none,0,0.0,none,0.0,,0.2,0.3,1.36,0.25,0.2,0.91,0.229,0.8,3.64,0.25,0.5,2.27,0.343,1.2,5.45,0.2,0.4,1.82,0.133,0.2,0.91,0.2,0.6,2.73,0.05,0.1,0.45
2026-06-04T22:00:00,19.0,95,partly_cloudy,summer,0,weekday,night,0.0,none,1.3,5.91,220.0,normal,none,none,none,1.0,0.0,0,0,0,none,0,0.0,none,0.0,,0.133,0.2,0.91,0.125,0.1,0.45,0.086,0.3,1.36,0.0,0.0,0.0,0.114,0.4,1.82,0.05,0.1,0.45,0.0,0.0,0.0,0.067,0.2,0.91,0.0,0.0,0.0
2026-06-04T23:00:00,19.0,95,partly_cloudy,summer,0,weekday,night,0.0,none,1.3,5.91,220.0,normal,none,none,none,1.0,0.0,0,0,0,none,0,0.0,none,0.0,,0.133,0.2,0.91,0.125,0.1,0.45,0.086,0.3,1.36,0.0,0.0,0.0,0.114,0.4,1.82,0.0,0.0,0.0,0.067,0.1,0.45,0.067,0.2,0.91,0.0,0.0,0.0
2026-06-05T00:00:00,18.2,90,clear,summer,0,weekday,night,0.02,none,1.35,6.14,220.0,normal,none,none,none,1.0,0.0,0,0,0,none,0,0.0,none,0.0,,0.133,0.2,0.91,0.125,0.1,0.45,0.086,0.3,1.36,0.075,0.15,0.68,0.071,0.25,1.14,0.05,0.1,0.45,0.033,0.05,0.23,0.067,0.2,0.91,0.0,0.0,0.0
2026-06-05T01:00:00,18.2,90,clear,summer,0,weekday,night,0.07,none,1.52,6.91,220.0,normal,none,none,none,1.0,0.0,0,0,0,none,0,0.0,none,0.0,,0.133,0.2,0.91,0.125,0.1,0.45,0.086,0.3,1.36,0.075,0.15,0.68,0.071,0.25,1.14,0.09,0.18,0.82,0.08,0.12,0.55,0.073,0.22,1.0,0.0,0.0,0.0
2026-06-05T02:00:00,18.2,90,clear,summer,0,weekday,night,0.0,none,1.45,6.59,220.0,normal,none,none,none,1.0,0.0,0,0,0,none,0,0.0,none,0.0,,0.133,0.2,0.91,0.125,0.1,0.45,0.086,0.3,1.36,0.075,0.15,0.68,0.071,0.25,1.14,0.05,0.1,0.45,0.133,0.2,0.91,0.05,0.15,0.68,0.0,0.0,0.0
2026-06-05T03:00:00,17.0,95,cloudy,summer,0,weekday,night,0.01,none,1.48,6.73,220.0,normal,none,none,none,1.0,0.0,0,0,0,none,0,0.0,none,0.0,,0.133,0.2,0.91,0.125,0.1,0.45,0.086,0.3,1.36,0.075,0.15,0.68,0.071,0.25,1.14,0.05,0.1,0.45,0.133,0.2,0.91,0.06,0.18,0.82,0.0,0.0,0.0
2026-06-05T04:00:00,16.0,95,partly_cloudy,summer,0,weekday,night,0.0,none,1.45,6.59,220.0,normal,none,none,none,1.0,0.0,0,0,0,none,0,0.0,none,0.0,,0.133,0.2,0.91,0.125,0.1,0.45,0.086,0.3,1.36,0.075,0.15,0.68,0.071,0.25,1.14,0.05,0.1,0.45,0.133,0.2,0.91,0.05,0.15,0.68,0.0,0.0,0.0
2026-06-05T05:00:00,15.0,95,clear,summer,0,weekday,night,0.05,none,1.35,6.14,220.0,normal,none,none,none,1.0,0.0,0,0,0,none,0,0.0,none,0.0,,0.133,0.2,0.91,0.125,0.1,0.45,0.086,0.3,1.36,0.075,0.15,0.68,0.071,0.25,1.14,0.05,0.1,0.45,0.033,0.05,0.23,0.067,0.2,0.91,0.0,0.0,0.0
2026-06-05T06:00:00,15.0,95,clear,summer,0,weekday,night,0.05,none,2.1,9.55,220.0,normal,none,none,none,1.0,0.0,0,0,0,none,0,0.0,none,0.0,,0.133,0.2,0.91,0.125,0.1,0.45,0.086,0.3,1.36,0.2,0.4,1.82,0.143,0.5,2.27,0.1,0.2,0.91,0.067,0.1,0.45,0.1,0.3,1.36,0.0,0.0,0.0
2026-06-05T07:00:00,16.0,95,clear,summer,0,weekday,commute,0.4,none,8.5,38.64,220.0,normal,none,none,none,1.0,0.0,0,0,0,none,0,0.0,none,0.0,,0.4,0.6,2.73,0.5,0.4,1.82,0.371,1.3,5.91,0.45,0.9,4.09,0.629,2.2,10.0,0.4,0.8,3.64,0.333,0.5,2.27,0.533,1.6,7.27,0.1,0.2,0.91
2026-06-05T08:00:00,17.0,90,clear,summer,0,weekday,commute,0.47,none,8.4,38.18,220.0,normal,none,none,none,1.0,0.0,0,0,0,none,0,0.0,none,0.0,,0.4,0.6,2.73,0.5,0.4,1.82,0.371,1.3,5.91,0.45,0.9,4.09,0.629,2.2,10.0,0.4,0.8,3.64,0.333,0.5,2.27,0.533,1.6,7.27,0.05,0.1,0.45
2026-06-05T09:00:00,18.0,80,clear,summer,0,weekday,work_am,0.79,visitor,7.4,33.64,220.0,normal,none,none,none,1.0,0.0,0,0,0,none,0,0.0,none,0.0,,0.4,0.6,2.73,0.5,0.4,1.82,0.314,1.1,5.0,0.35,0.7,3.18,0.514,1.8,8.18,0.4,0.8,3.64,0.333,0.5,2.27,0.433,1.3,5.91,0.1,0.2,0.91
2026-06-05T10:00:00,20.0,75,clear,summer,0,weekday,work_am,0.86,none,8.4,38.18,220.0,normal,none,none,none,1.0,0.0,0,0,0,none,0,0.0,none,0.0,,0.4,0.6,2.73,0.5,0.4,1.82,0.371,1.3,5.91,0.45,0.9,4.09,0.629,2.2,10.0,0.4,0.8,3.64,0.333,0.5,2.27,0.533,1.6,7.27,0.05,0.1,0.45
2026-06-05T11:00:00,21.0,70,clear,summer,0,weekday,work_am,0.89,none,8.0,36.36,220.0,normal,none,none,none,1.0,0.0,0,0,0,none,0,0.0,none,0.0,,0.4,0.6,2.73,0.5,0.4,1.82,0.371,1.3,5.91,0.35,0.7,3.18,0.629,2.2,10.0,0.4,0.8,3.64,0.333,0.5,2.27,0.467,1.4,6.36,0.05,0.1,0.45
2026-06-05T12:00:00,22.0,65,clear,summer,0,weekday,lunch,0.56,none,8.0,36.36,220.0,normal,none,none,none,1.0,0.0,0,0,0,none,0,0.0,none,0.0,,0.4,0.6,2.73,0.5,0.4,1.82,0.371,1.3,5.91,0.35,0.7,3.18,0.629,2.2,10.0,0.4,0.8,3.64,0.333,0.5,2.27,0.467,1.4,6.36,0.05,0.1,0.45
2026-06-05T13:00:00,22.0,55,clear,summer,0,weekday,work_pm,0.86,none,7.4,33.64,220.0,normal,none,none,none,1.0,0.0,0,0,0,none,0,0.0,none,0.0,,0.4,0.6,2.73,0.5,0.4,1.82,0.314,1.1,5.0,0.35,0.7,3.18,0.514,1.8,8.18,0.4,0.8,3.64,0.333,0.5,2.27,0.4,1.2,5.45,0.15,0.3,1.36
2026-06-05T14:00:00,22.0,55,clear,summer,0,weekday,work_pm,0.89,none,8.0,36.36,220.0,normal,none,none,none,1.0,0.0,0,0,0,none,0,0.0,none,0.0,,0.4,0.6,2.73,0.5,0.4,1.82,0.371,1.3,5.91,0.35,0.7,3.18,0.629,2.2,10.0,0.4,0.8,3.64,0.333,0.5,2.27,0.467,1.4,6.36,0.05,0.1,0.45
2026-06-05T15:00:00,23.0,55,clear,summer,0,weekday,work_pm,0.93,overtime,10.26,46.64,220.0,normal,none,none,none,1.0,0.0,0,0,0,none,0,0.0,none,0.0,,0.533,0.8,3.64,1.2,0.96,4.36,0.171,0.6,2.73,0.75,1.5,6.82,0.657,2.3,10.45,0.45,0.9,4.09,0.733,1.1,5.0,0.233,0.7,3.18,0.7,1.4,6.36
2026-06-05T16:00:00,22.0,55,clear,summer,0,weekday,work_pm,0.93,overtime,10.66,48.45,220.0,normal,none,none,none,1.0,0.0,0,0,0,none,0,0.0,none,0.0,,0.533,0.8,3.64,1.2,0.96,4.36,0.171,0.6,2.73,0.75,1.5,6.82,0.657,2.3,10.45,0.45,0.9,4.09,0.733,1.1,5.0,0.6,1.8,8.18,0.35,0.7,3.18
2026-06-05T17:00:00,21.0,60,clear,summer,0,weekday,work_pm,0.82,meeting,10.26,46.64,220.0,normal,none,none,none,1.0,0.0,0,0,0,none,0,0.0,none,0.0,,0.533,0.8,3.64,1.2,0.96,4.36,0.171,0.6,2.73,0.75,1.5,6.82,0.657,2.3,10.45,0.45,0.9,4.09,0.733,1.1,5.0,0.233,0.7,3.18,0.7,1.4,6.36
2026-06-05T18:00:00,20.0,65,clear,summer,0,weekday,evening,0.2,overtime,8.0,36.36,220.0,normal,none,none,none,1.0,0.0,0,0,0,none,0,0.0,none,0.0,,0.4,0.6,2.73,0.5,0.4,1.82,0.371,1.3,5.91,0.35,0.7,3.18,0.629,2.2,10.0,0.4,0.8,3.64,0.333,0.5,2.27,0.467,1.4,6.36,0.05,0.1,0.45
2026-06-05T19:00:00,19.0,75,clear,summer,0,weekday,evening,0.26,none,6.8,30.91,220.0,normal,none,none,none,1.0,0.0,0,0,0,none,0,0.0,none,0.0,,0.4,0.6,2.73,0.5,0.4,1.82,0.314,1.1,5.0,0.35,0.7,3.18,0.514,1.8,8.18,0.25,0.5,2.27,0.2,0.3,1.36,0.4,1.2,5.45,0.1,0.2,0.91
2026-06-05T20:00:00,18.0,80,clear,summer,0,weekday,evening,0.25,none,6.8,30.91,220.0,normal,none,none,none,1.0,0.0,0,0,0,none,0,0.0,none,0.0,,0.4,0.6,2.73,0.5,0.4,1.82,0.314,1.1,5.0,0.35,0.7,3.18,0.514,1.8,8.18,0.25,0.5,2.27,0.2,0.3,1.36,0.4,1.2,5.45,0.1,0.2,0.91
2026-06-05T21:00:00,17.0,80,clear,summer,0,weekday,evening,0.15,meeting,6.9,31.36,220.0,normal,none,none,none,1.0,0.0,0,0,0,none,0,0.0,none,0.0,,0.4,0.6,2.73,0.5,0.4,1.82,0.314,1.1,5.0,0.35,0.7,3.18,0.514,1.8,8.18,0.4,0.8,3.64,0.2,0.3,1.36,0.4,1.2,5.45,0.0,0.0,0.0
2026-06-06T00:00:00,11.3,99,clear,summer,0,weekend,night,0.05,none,1.52,6.91,220.0,normal,none,none,none,1.0,0.0,0,0,0,none,0,0.0,none,0.0,,0.133,0.2,0.91,0.125,0.1,0.45,0.086,0.3,1.36,0.075,0.15,0.68,0.071,0.25,1.14,0.06,0.12,0.55,0.12,0.18,0.82,0.073,0.22,1.0,0.0,0.0,0.0
2026-06-06T01:00:00,11.3,99,clear,summer,0,weekend,night,0.0,none,1.15,5.23,220.0,normal,none,none,none,1.0,0.0,0,0,0,none,0,0.0,none,0.0,,0.133,0.2,0.91,0.125,0.1,0.45,0.086,0.3,1.36,0.075,0.15,0.68,0.071,0.25,1.14,0.0,0.0,0.0,0.067,0.1,0.45,0.0,0.0,0.0,0.025,0.05,0.23
2026-06-06T02:00:00,11.3,99,clear,summer,0,weekend,night,0.02,none,1.35,6.14,220.0,normal,none,none,none,1.0,0.0,0,0,0,none,0,0.0,none,0.0,,0.133,0.2,0.91,0.125,0.1,0.45,0.086,0.3,1.36,0.075,0.15,0.68,0.071,0.25,1.14,0.05,0.1,0.45,0.033,0.05,0.23,0.067,0.2,0.91,0.0,0.0,0.0
2026-06-06T03:00:00,14.0,90,clear,summer,0,weekend,night,0.03,none,1.35,6.14,220.0,normal,none,none,none,1.0,0.0,0,0,0,none,0,0.0,none,0.0,,0.133,0.2,0.91,0.125,0.1,0.45,0.086,0.3,1.36,0.075,0.15,0.68,0.071,0.25,1.14,0.05,0.1,0.45,0.033,0.05,0.23,0.067,0.2,0.91,0.0,0.0,0.0
2026-06-06T04:00:00,13.0,90,clear,summer,0,weekend,night,0.03,none,1.35,6.14,220.0,normal,none,none,none,1.0,0.0,0,0,0,none,0,0.0,none,0.0,,0.133,0.2,0.91,0.125,0.1,0.45,0.086,0.3,1.36,0.075,0.15,0.68,0.071,0.25,1.14,0.05,0.1,0.45,0.033,0.05,0.23,0.067,0.2,0.91,0.0,0.0,0.0
2026-06-06T05:00:00,13.0,90,clear,summer,0,weekend,night,0.01,none,1.35,6.14,220.0,normal,none,none,none,1.0,0.0,0,0,0,none,0,0.0,none,0.0,,0.133,0.2,0.91,0.125,0.1,0.45,0.086,0.3,1.36,0.075,0.15,0.68,0.071,0.25,1.14,0.05,0.1,0.45,0.033,0.05,0.23,0.067,0.2,0.91,0.0,0.0,0.0
2026-06-06T06:00:00,13.0,90,partly_cloudy,summer,0,weekend,night,0.01,none,1.35,6.14,220.0,normal,none,none,none,1.0,0.0,0,0,0,none,0,0.0,none,0.0,,0.133,0.2,0.91,0.125,0.1,0.45,0.086,0.3,1.36,0.075,0.15,0.68,0.071,0.25,1.14,0.05,0.1,0.45,0.033,0.05,0.23,0.067,0.2,0.91,0.0,0.0,0.0
2026-06-06T07:00:00,15.0,85,partly_cloudy,summer,0,weekend,commute,0.03,none,4.3,19.55,220.0,normal,none,none,none,1.0,0.0,0,0,0,none,0,0.0,none,0.0,,0.2,0.3,1.36,0.25,0.2,0.91,0.229,0.8,3.64,0.25,0.5,2.27,0.343,1.2,5.45,0.2,0.4,1.82,0.133,0.2,0.91,0.2,0.6,2.73,0.05,0.1,0.45
2026-06-06T08:00:00,17.0,75,partly_cloudy,summer,0,weekend,commute,0.04,none,7.0,31.82,220.0,normal,none,none,none,1.0,0.0,0,0,0,none,0,0.0,none,0.0,,0.4,0.6,2.73,0.5,0.4,1.82,0.314,1.1,5.0,0.35,0.7,3.18,0.514,1.8,8.18,0.4,0.8,3.64,0.2,0.3,1.36,0.4,1.2,5.45,0.05,0.1,0.45
2026-06-06T09:00:00,19.0,65,clear,summer,0,weekend,work_am,0.04,none,7.3,33.18,220.0,normal,none,none,none,1.0,0.0,0,0,0,none,0,0.0,none,0.0,,0.4,0.6,2.73,0.5,0.4,1.82,0.314,1.1,5.0,0.35,0.7,3.18,0.543,1.9,8.64,0.4,0.8,3.64,0.2,0.3,1.36,0.433,1.3,5.91,0.1,0.2,0.91
2026-06-06T10:00:00,21.0,55,clear,summer,0,weekend,work_am,0.03,none,7.1,32.27,220.0,normal,none,none,none,1.0,0.0,0,0,0,none,0,0.0,none,0.0,,0.4,0.6,2.73,0.5,0.4,1.82,0.314,1.1,5.0,0.35,0.7,3.18,0.543,1.9,8.64,0.4,0.8,3.64,0.2,0.3,1.36,0.433,1.3,5.91,0.0,0.0,0.0
2026-06-06T11:00:00,23.0,50,clear,summer,0,weekend,work_am,0.02,none,6.9,31.36,220.0,normal,none,none,none,1.0,0.0,0,0,0,none,0,0.0,none,0.0,,0.4,0.6,2.73,0.5,0.4,1.82,0.314,1.1,5.0,0.35,0.7,3.18,0.514,1.8,8.18,0.4,0.8,3.64,0.2,0.3,1.36,0.4,1.2,5.45,0.0,0.0,0.0
2026-06-06T12:00:00,24.0,45,clear,summer,0,weekend,lunch,0.01,none,5.0,22.73,220.0,normal,none,none,none,1.0,0.0,0,0,0,none,0,0.0,none,0.0,,0.2,0.3,1.36,0.25,0.2,0.91,0.229,0.8,3.64,0.25,0.5,2.27,0.343,1.2,5.45,0.2,0.4,1.82,0.4,0.6,2.73,0.3,0.9,4.09,0.05,0.1,0.45
2026-06-06T13:00:00,25.0,40,clear,summer,0,weekend,work_pm,0.01,none,7.0,31.82,220.0,normal,none,none,none,1.0,0.0,0,0,0,none,0,0.0,none,0.0,,0.4,0.6,2.73,0.5,0.4,1.82,0.314,1.1,5.0,0.35,0.7,3.18,0.514,1.8,8.18,0.4,0.8,3.64,0.2,0.3,1.36,0.4,1.2,5.45,0.05,0.1,0.45
2026-06-06T14:00:00,26.0,40,clear,summer,0,weekend,work_pm,0.01,none,7.2,32.73,220.0,normal,none,none,none,1.0,0.0,0,0,0,none,0,0.0,none,0.0,,0.4,0.6,2.73,0.5,0.4,1.82,0.314,1.1,5.0,0.35,0.7,3.18,0.543,1.9,8.64,0.4,0.8,3.64,0.2,0.3,1.36,0.433,1.3,5.91,0.05,0.1,0.45
2026-06-06T15:00:00,26.0,40,clear,summer,0,weekend,work_pm,0.0,none,7.1,32.27,220.0,normal,none,none,none,1.0,0.0,0,0,0,none,0,0.0,none,0.0,,0.4,0.6,2.73,0.5,0.4,1.82,0.314,1.1,5.0,0.35,0.7,3.18,0.543,1.9,8.64,0.4,0.8,3.64,0.2,0.3,1.36,0.433,1.3,5.91,0.0,0.0,0.0
2026-06-06T16:00:00,26.0,35,clear,summer,0,weekend,work_pm,0.01,none,7.0,31.82,220.0,normal,none,none,none,1.0,0.0,0,0,0,none,0,0.0,none,0.0,,0.4,0.6,2.73,0.5,0.4,1.82,0.314,1.1,5.0,0.35,0.7,3.18,0.543,1.9,8.64,0.4,0.8,3.64,0.2,0.3,1.36,0.4,1.2,5.45,0.0,0.0,0.0
2026-06-06T17:00:00,25.0,40,clear,summer,0,weekend,work_pm,0.05,none,7.1,32.27,220.0,normal,none,none,none,1.0,0.0,0,0,0,none,0,0.0,none,0.0,,0.4,0.6,2.73,0.5,0.4,1.82,0.314,1.1,5.0,0.35,0.7,3.18,0.543,1.9,8.64,0.4,0.8,3.64,0.2,0.3,1.36,0.433,1.3,5.91,0.0,0.0,0.0
2026-06-06T18:00:00,24.0,45,clear,summer,0,weekend,evening,0.02,none,6.8,30.91,220.0,normal,none,none,none,1.0,0.0,0,0,0,none,0,0.0,none,0.0,,0.4,0.6,2.73,0.5,0.4,1.82,0.314,1.1,5.0,0.35,0.7,3.18,0.514,1.8,8.18,0.25,0.5,2.27,0.2,0.3,1.36,0.4,1.2,5.45,0.1,0.2,0.91
2026-06-06T19:00:00,22.0,55,clear,summer,0,weekend,evening,0.0,none,5.0,22.73,220.0,normal,none,none,none,1.0,0.0,0,0,0,none,0,0.0,none,0.0,,0.2,0.3,1.36,0.25,0.2,0.91,0.229,0.8,3.64,0.25,0.5,2.27,0.343,1.2,5.45,0.2,0.4,1.82,0.4,0.6,2.73,0.3,0.9,4.09,0.05,0.1,0.45
2026-06-06T20:00:00,20.0,60,partly_cloudy,summer,0,weekend,evening,0.05,none,4.3,19.55,220.0,normal,none,none,none,1.0,0.0,0,0,0,none,0,0.0,none,0.0,,0.2,0.3,1.36,0.25,0.2,0.91,0.229,0.8,3.64,0.25,0.5,2.27,0.343,1.2,5.45,0.2,0.4,1.82,0.133,0.2,0.91,0.2,0.6,2.73,0.05,0.1,0.45
2026-06-06T21:00:00,19.0,65,clear,summer,0,weekend,evening,0.03,none,4.5,20.45,220.0,normal,none,none,none,1.0,0.0,0,0,0,none,0,0.0,none,0.0,,0.2,0.3,1.36,0.25,0.2,0.91,0.229,0.8,3.64,0.25,0.5,2.27,0.343,1.2,5.45,0.2,0.4,1.82,0.133,0.2,0.91,0.3,0.9,4.09,0.0,0.0,0.0
2026-06-06T22:00:00,18.0,65,partly_cloudy,summer,0,weekend,night,0.02,none,1.52,6.91,220.0,normal,none,none,none,1.0,0.0,0,0,0,none,0,0.0,none,0.0,,0.133,0.2,0.91,0.125,0.1,0.45,0.086,0.3,1.36,0.075,0.15,0.68,0.071,0.25,1.14,0.09,0.18,0.82,0.08,0.12,0.55,0.073,0.22,1.0,0.0,0.0,0.0
2026-06-06T23:00:00,18.0,65,partly_cloudy,summer,0,weekend,night,0.02,none,1.7,7.73,220.0,normal,none,none,none,1.0,0.0,0,0,0,none,0,0.0,none,0.0,,0.133,0.2,0.91,0.125,0.1,0.45,0.086,0.3,1.36,0.075,0.15,0.68,0.114,0.4,1.82,0.125,0.25,1.14,0.067,0.1,0.45,0.067,0.2,0.91,0.0,0.0,0.0
2026-06-07T00:00:00,19.0,65,clear,summer,0,weekend,night,0.02,none,1.52,6.91,220.0,normal,none,none,none,1.0,0.0,0,0,0,none,0,0.0,none,0.0,,0.133,0.2,0.91,0.125,0.1,0.45,0.086,0.3,1.36,0.075,0.15,0.68,0.071,0.25,1.14,0.09,0.18,0.82,0.08,0.12,0.55,0.073,0.22,1.0,0.0,0.0,0.0
2026-06-07T01:00:00,18.0,65,cloudy,summer,0,weekend,night,0.02,none,1.52,6.91,220.0,normal,none,none,none,1.0,0.0,0,0,0,none,0,0.0,none,0.0,,0.133,0.2,0.91,0.125,0.1,0.45,0.086,0.3,1.36,0.075,0.15,0.68,0.071,0.25,1.14,0.09,0.18,0.82,0.08,0.12,0.55,0.073,0.22,1.0,0.0,0.0,0.0
2026-06-07T02:00:00,18.0,70,cloudy,summer,0,weekend,night,0.0,none,0.4,1.82,220.0,normal,none,none,none,1.0,0.0,0,0,0,none,0,0.0,none,0.0,,0.0,0.0,0.0,0.0,0.0,0.0,0.0,0.0,0.0,0.05,0.1,0.45,0.057,0.2,0.91,0.0,0.0,0.0,0.0,0.0,0.0,0.033,0.1,0.45,0.0,0.0,0.0
2026-06-07T03:00:00,18.0,70,partly_cloudy,summer,0,weekend,night,0.05,none,1.5,6.82,220.0,normal,none,none,none,1.0,0.0,0,0,0,none,0,0.0,none,0.0,,0.133,0.2,0.91,0.125,0.1,0.45,0.086,0.3,1.36,0.075,0.15,0.68,0.071,0.25,1.14,0.09,0.18,0.82,0.067,0.1,0.45,0.073,0.22,1.0,0.0,0.0,0.0
2026-06-07T04:00:00,17.0,75,cloudy,summer,0,weekend,night,0.04,none,2.1,9.55,220.0,normal,none,none,none,1.0,0.0,0,0,0,none,0,0.0,none,0.0,,0.133,0.2,0.91,0.125,0.1,0.45,0.086,0.3,1.36,0.2,0.4,1.82,0.143,0.5,2.27,0.1,0.2,0.91,0.067,0.1,0.45,0.1,0.3,1.36,0.0,0.0,0.0
2026-06-07T05:00:00,16.0,80,cloudy,summer,0,weekend,night,0.02,none,2.1,9.55,220.0,normal,none,none,none,1.0,0.0,0,0,0,none,0,0.0,none,0.0,,0.133,0.2,0.91,0.125,0.1,0.45,0.086,0.3,1.36,0.2,0.4,1.82,0.143,0.5,2.27,0.1,0.2,0.91,0.067,0.1,0.45,0.1,0.3,1.36,0.0,0.0,0.0
2026-06-07T06:00:00,17.0,80,cloudy,summer,0,weekend,night,0.04,none,2.1,9.55,220.0,normal,none,none,none,1.0,0.0,0,0,0,none,0,0.0,none,0.0,,0.133,0.2,0.91,0.125,0.1,0.45,0.086,0.3,1.36,0.2,0.4,1.82,0.143,0.5,2.27,0.1,0.2,0.91,0.067,0.1,0.45,0.1,0.3,1.36,0.0,0.0,0.0
2026-06-07T07:00:00,18.0,80,cloudy,summer,0,weekend,commute,0.03,none,6.5,29.55,220.0,normal,none,none,none,1.0,0.0,0,0,0,none,0,0.0,none,0.0,,0.4,0.6,2.73,0.5,0.4,1.82,0.314,1.1,5.0,0.35,0.7,3.18,0.514,1.8,8.18,0.25,0.5,2.27,0.2,0.3,1.36,0.3,0.9,4.09,0.1,0.2,0.91
2026-06-07T08:00:00,19.0,80,cloudy,summer,0,weekend,commute,0.05,none,7.3,33.18,220.0,normal,none,none,none,1.0,0.0,0,0,0,none,0,0.0,none,0.0,,0.4,0.6,2.73,0.5,0.4,1.82,0.314,1.1,5.0,0.35,0.7,3.18,0.543,1.9,8.64,0.4,0.8,3.64,0.2,0.3,1.36,0.433,1.3,5.91,0.1,0.2,0.91
2026-06-07T09:00:00,21.0,75,cloudy,summer,0,weekend,work_am,0.03,none,6.9,31.36,220.0,normal,none,none,none,1.0,0.0,0,0,0,none,0,0.0,none,0.0,,0.4,0.6,2.73,0.5,0.4,1.82,0.314,1.1,5.0,0.35,0.7,3.18,0.514,1.8,8.18,0.4,0.8,3.64,0.2,0.3,1.36,0.4,1.2,5.45,0.0,0.0,0.0
2026-06-07T10:00:00,23.0,70,cloudy,summer,0,weekend,work_am,0.03,none,7.0,31.82,220.0,normal,none,none,none,1.0,0.0,0,0,0,none,0,0.0,none,0.0,,0.4,0.6,2.73,0.5,0.4,1.82,0.314,1.1,5.0,0.35,0.7,3.18,0.543,1.9,8.64,0.4,0.8,3.64,0.2,0.3,1.36,0.4,1.2,5.45,0.0,0.0,0.0
2026-06-07T11:00:00,24.0,60,partly_cloudy,summer,0,weekend,work_am,0.02,none,7.0,31.82,220.0,normal,none,none,none,1.0,0.0,0,0,0,none,0,0.0,none,0.0,,0.4,0.6,2.73,0.5,0.4,1.82,0.314,1.1,5.0,0.35,0.7,3.18,0.514,1.8,8.18,0.4,0.8,3.64,0.2,0.3,1.36,0.4,1.2,5.45,0.05,0.1,0.45
2026-06-07T12:00:00,24.0,60,partly_cloudy,summer,0,weekend,lunch,0.01,none,7.3,33.18,220.0,normal,none,none,none,1.0,0.0,0,0,0,none,0,0.0,none,0.0,,0.4,0.6,2.73,0.5,0.4,1.82,0.314,1.1,5.0,0.35,0.7,3.18,0.543,1.9,8.64,0.4,0.8,3.64,0.2,0.3,1.36,0.433,1.3,5.91,0.1,0.2,0.91
2026-06-07T13:00:00,25.0,60,clear,summer,0,weekend,work_pm,0.01,none,7.1,32.27,220.0,normal,none,none,none,1.0,0.0,0,0,0,none,0,0.0,none,0.0,,0.4,0.6,2.73,0.5,0.4,1.82,0.314,1.1,5.0,0.35,0.7,3.18,0.543,1.9,8.64,0.4,0.8,3.64,0.2,0.3,1.36,0.433,1.3,5.91,0.0,0.0,0.0
2026-06-07T14:00:00,25.0,60,clear,summer,0,weekend,work_pm,0.04,none,7.3,33.18,220.0,normal,none,none,none,1.0,0.0,0,0,0,none,0,0.0,none,0.0,,0.4,0.6,2.73,0.5,0.4,1.82,0.314,1.1,5.0,0.35,0.7,3.18,0.543,1.9,8.64,0.4,0.8,3.64,0.2,0.3,1.36,0.433,1.3,5.91,0.1,0.2,0.91
2026-06-07T15:00:00,25.0,60,clear,summer,0,weekend,work_pm,0.05,none,7.1,32.27,220.0,normal,none,none,none,1.0,0.0,0,0,0,none,0,0.0,none,0.0,,0.4,0.6,2.73,0.5,0.4,1.82,0.314,1.1,5.0,0.35,0.7,3.18,0.543,1.9,8.64,0.4,0.8,3.64,0.2,0.3,1.36,0.433,1.3,5.91,0.0,0.0,0.0
2026-06-07T16:00:00,24.0,60,partly_cloudy,summer,0,weekend,work_pm,0.04,none,7.1,32.27,220.0,normal,none,none,none,1.0,0.0,0,0,0,none,0,0.0,none,0.0,,0.4,0.6,2.73,0.5,0.4,1.82,0.314,1.1,5.0,0.35,0.7,3.18,0.543,1.9,8.64,0.4,0.8,3.64,0.2,0.3,1.36,0.433,1.3,5.91,0.0,0.0,0.0
2026-06-07T17:00:00,23.0,65,cloudy,summer,0,weekend,work_pm,0.05,none,7.0,31.82,220.0,normal,none,none,none,1.0,0.0,0,0,0,none,0,0.0,none,0.0,,0.4,0.6,2.73,0.5,0.4,1.82,0.314,1.1,5.0,0.35,0.7,3.18,0.543,1.9,8.64,0.4,0.8,3.64,0.2,0.3,1.36,0.4,1.2,5.45,0.0,0.0,0.0
2026-06-07T18:00:00,22.0,70,cloudy,summer,0,weekend,evening,0.03,none,6.9,31.36,220.0,normal,none,none,none,1.0,0.0,0,0,0,none,0,0.0,none,0.0,,0.4,0.6,2.73,0.5,0.4,1.82,0.314,1.1,5.0,0.35,0.7,3.18,0.514,1.8,8.18,0.4,0.8,3.64,0.2,0.3,1.36,0.4,1.2,5.45,0.0,0.0,0.0
2026-06-07T19:00:00,20.0,75,cloudy,summer,0,weekend,evening,0.05,none,5.0,22.73,220.0,normal,none,none,none,1.0,0.0,0,0,0,none,0,0.0,none,0.0,,0.267,0.4,1.82,0.375,0.3,1.36,0.229,0.8,3.64,0.3,0.6,2.73,0.343,1.2,5.45,0.25,0.5,2.27,0.2,0.3,1.36,0.3,0.9,4.09,0.0,0.0,0.0
2026-06-07T20:00:00,19.0,80,cloudy,summer,0,weekend,evening,0.02,none,4.3,19.55,220.0,normal,none,none,none,1.0,0.0,0,0,0,none,0,0.0,none,0.0,,0.2,0.3,1.36,0.25,0.2,0.91,0.229,0.8,3.64,0.25,0.5,2.27,0.343,1.2,5.45,0.2,0.4,1.82,0.133,0.2,0.91,0.2,0.6,2.73,0.05,0.1,0.45
2026-06-07T21:00:00,18.0,80,cloudy,summer,0,weekend,evening,0.0,none,2.1,9.55,220.0,normal,none,none,none,1.0,0.0,0,0,0,none,0,0.0,none,0.0,,0.133,0.2,0.91,0.125,0.1,0.45,0.086,0.3,1.36,0.2,0.4,1.82,0.143,0.5,2.27,0.1,0.2,0.91,0.067,0.1,0.45,0.1,0.3,1.36,0.0,0.0,0.0
2026-06-08T00:00:00,17.0,85,cloudy,summer,1,weekday,night,0.0,none,1.28,5.82,220.0,normal,none,none,none,1.0,0.0,0,0,1,watch,2,230.76,CG,12.0,강원특별자치도 양양군 서면 수리 산 1,0.133,0.2,0.91,0.125,0.1,0.45,0.086,0.3,1.36,0.075,0.15,0.68,0.071,0.25,1.14,0.05,0.1,0.45,0.0,0.0,0.0,0.06,0.18,0.82,0.0,0.0,0.0
2026-06-08T01:00:00,17.0,90,cloudy,summer,1,weekday,night,0.0,none,0.9,4.09,220.0,normal,none,none,none,1.0,0.0,0,0,1,watch,5,277.7,CG,33.1,38.1480°N / 129.1278°E,0.067,0.1,0.45,0.0,0.0,0.0,0.057,0.2,0.91,0.0,0.0,0.0,0.086,0.3,1.36,0.05,0.1,0.45,0.0,0.0,0.0,0.067,0.2,0.91,0.0,0.0,0.0
2026-06-08T02:00:00,16.0,90,cloudy,summer,0,weekday,night,0.0,none,1.35,6.14,220.0,normal,none,none,none,1.0,0.0,0,0,0,none,0,0.0,none,0.0,,0.133,0.2,0.91,0.125,0.1,0.45,0.086,0.3,1.36,0.075,0.15,0.68,0.071,0.25,1.14,0.05,0.1,0.45,0.033,0.05,0.23,0.067,0.2,0.91,0.0,0.0,0.0
2026-06-08T03:00:00,16.0,90,cloudy,summer,0,weekday,night,0.02,none,1.5,6.82,220.0,normal,none,none,none,1.0,0.0,0,0,0,none,0,0.0,none,0.0,,0.133,0.2,0.91,0.125,0.1,0.45,0.086,0.3,1.36,0.075,0.15,0.68,0.071,0.25,1.14,0.09,0.18,0.82,0.08,0.12,0.55,0.067,0.2,0.91,0.0,0.0,0.0
2026-06-08T04:00:00,15.0,95,cloudy,summer,0,weekday,night,0.01,none,1.5,6.82,220.0,normal,none,none,none,1.0,0.0,0,0,0,none,0,0.0,none,0.0,,0.133,0.2,0.91,0.125,0.1,0.45,0.086,0.3,1.36,0.075,0.15,0.68,0.071,0.25,1.14,0.05,0.1,0.45,0.12,0.18,0.82,0.073,0.22,1.0,0.0,0.0,0.0
2026-06-08T05:00:00,15.0,95,cloudy,summer,0,weekday,night,0.08,none,1.5,6.82,220.0,normal,none,none,none,1.0,0.0,0,0,0,none,0,0.0,none,0.0,,0.133,0.2,0.91,0.125,0.1,0.45,0.086,0.3,1.36,0.075,0.15,0.68,0.071,0.25,1.14,0.09,0.18,0.82,0.067,0.1,0.45,0.073,0.22,1.0,0.0,0.0,0.0
2026-06-08T06:00:00,15.0,95,cloudy,summer,0,weekday,night,0.0,none,1.1,5.0,220.0,normal,none,none,none,1.0,0.0,0,0,0,none,0,0.0,none,0.0,,0.133,0.2,0.91,0.125,0.1,0.45,0.086,0.3,1.36,0.075,0.15,0.68,0.071,0.25,1.14,0.0,0.0,0.0,0.067,0.1,0.45,0.0,0.0,0.0,0.0,0.0,0.0
2026-06-08T07:00:00,15.0,95,cloudy,summer,0,weekday,commute,0.44,none,8.3,37.73,220.0,normal,none,none,none,1.0,0.0,0,0,0,none,0,0.0,none,0.0,,0.4,0.6,2.73,0.5,0.4,1.82,0.371,1.3,5.91,0.35,0.7,3.18,0.629,2.2,10.0,0.4,0.8,3.64,0.333,0.5,2.27,0.533,1.6,7.27,0.1,0.2,0.91
2026-06-08T08:00:00,16.0,90,cloudy,summer,0,weekday,commute,0.33,overtime,9.96,45.27,220.0,normal,none,none,none,1.0,0.0,0,0,0,none,0,0.0,none,0.0,,0.533,0.8,3.64,1.2,0.96,4.36,0.171,0.6,2.73,0.75,1.5,6.82,0.657,2.3,10.45,0.45,0.9,4.09,0.467,0.7,3.18,0.6,1.8,8.18,0.2,0.4,1.82
2026-06-08T09:00:00,17.0,85,cloudy,summer,0,weekday,work_am,0.85,none,8.9,40.45,220.0,normal,none,none,none,1.0,0.0,0,0,0,none,0,0.0,none,0.0,,0.4,0.6,2.73,0.5,0.4,1.82,0.371,1.3,5.91,0.45,0.9,4.09,0.629,2.2,10.0,0.55,1.1,5.0,0.333,0.5,2.27,0.533,1.6,7.27,0.15,0.3,1.36
2026-06-08T10:00:00,18.0,80,cloudy,summer,0,weekday,work_am,0.78,meeting,7.5,34.09,220.0,normal,none,none,none,1.0,0.0,0,0,0,none,0,0.0,none,0.0,,0.4,0.6,2.73,0.5,0.4,1.82,0.314,1.1,5.0,0.35,0.7,3.18,0.543,1.9,8.64,0.4,0.8,3.64,0.333,0.5,2.27,0.433,1.3,5.91,0.1,0.2,0.91
2026-06-08T11:00:00,19.0,70,cloudy,summer,0,weekday,work_am,0.78,none,8.8,40.0,220.0,normal,none,none,none,1.0,0.0,0,0,0,none,0,0.0,none,0.0,,0.4,0.6,2.73,0.5,0.4,1.82,0.371,1.3,5.91,0.45,0.9,4.09,0.629,2.2,10.0,0.55,1.1,5.0,0.333,0.5,2.27,0.533,1.6,7.27,0.1,0.2,0.91
2026-06-08T12:00:00,20.0,65,cloudy,summer,0,weekday,lunch,0.49,none,7.5,34.09,220.0,normal,none,none,none,1.0,0.0,0,0,0,none,0,0.0,none,0.0,,0.4,0.6,2.73,0.5,0.4,1.82,0.314,1.1,5.0,0.45,0.9,4.09,0.514,1.8,8.18,0.35,0.7,3.18,0.333,0.5,2.27,0.433,1.3,5.91,0.1,0.2,0.91
2026-06-08T13:00:00,21.0,60,cloudy,summer,0,weekday,work_pm,0.91,construction,9.1,41.36,220.0,normal,none,none,none,1.0,0.0,0,0,0,none,0,0.0,none,0.0,,0.4,0.6,2.73,0.5,0.4,1.82,0.514,1.8,8.18,0.6,1.2,5.45,0.657,2.3,10.45,0.35,0.7,3.18,0.333,0.5,2.27,0.533,1.6,7.27,0.0,0.0,0.0
2026-06-08T14:00:00,21.0,60,cloudy,summer,0,weekday,work_pm,0.97,overtime,8.5,38.64,220.0,normal,none,none,none,1.0,0.0,0,0,0,none,0,0.0,none,0.0,,0.4,0.6,2.73,0.5,0.4,1.82,0.371,1.3,5.91,0.45,0.9,4.09,0.629,2.2,10.0,0.4,0.8,3.64,0.333,0.5,2.27,0.533,1.6,7.27,0.1,0.2,0.91
2026-06-08T15:00:00,22.0,55,partly_cloudy,summer,0,weekday,work_pm,0.87,none,9.2,41.82,220.0,normal,none,none,none,1.0,0.0,0,0,0,none,0,0.0,none,0.0,,0.4,0.6,2.73,0.5,0.4,1.82,0.514,1.8,8.18,0.35,0.7,3.18,0.657,2.3,10.45,0.55,1.1,5.0,0.333,0.5,2.27,0.533,1.6,7.27,0.1,0.2,0.91
2026-06-08T16:00:00,21.0,55,partly_cloudy,summer,0,weekday,work_pm,0.89,visitor,8.0,36.36,220.0,normal,none,none,none,1.0,0.0,0,0,0,none,0,0.0,none,0.0,,0.4,0.6,2.73,0.5,0.4,1.82,0.314,1.1,5.0,0.35,0.7,3.18,0.657,2.3,10.45,0.4,0.8,3.64,0.333,0.5,2.27,0.467,1.4,6.36,0.1,0.2,0.91
2026-06-08T17:00:00,21.0,60,partly_cloudy,summer,0,weekday,work_pm,0.88,none,10.26,46.64,220.0,normal,none,none,none,1.0,0.0,0,0,0,none,0,0.0,none,0.0,,0.533,0.8,3.64,1.2,0.96,4.36,0.171,0.6,2.73,0.75,1.5,6.82,0.657,2.3,10.45,0.45,0.9,4.09,0.733,1.1,5.0,0.233,0.7,3.18,0.7,1.4,6.36
2026-06-08T18:00:00,19.0,65,cloudy,summer,0,weekday,evening,0.21,none,7.3,33.18,220.0,normal,none,none,none,1.0,0.0,0,0,0,none,0,0.0,none,0.0,,0.4,0.6,2.73,0.5,0.4,1.82,0.314,1.1,5.0,0.35,0.7,3.18,0.543,1.9,8.64,0.4,0.8,3.64,0.2,0.3,1.36,0.433,1.3,5.91,0.1,0.2,0.91
2026-06-08T19:00:00,18.0,70,cloudy,summer,0,weekday,evening,0.24,none,7.0,31.82,220.0,normal,none,none,none,1.0,0.0,0,0,0,none,0,0.0,none,0.0,,0.4,0.6,2.73,0.5,0.4,1.82,0.314,1.1,5.0,0.35,0.7,3.18,0.514,1.8,8.18,0.4,0.8,3.64,0.2,0.3,1.36,0.4,1.2,5.45,0.05,0.1,0.45
2026-06-08T20:00:00,17.0,75,cloudy,summer,0,weekday,evening,0.24,none,6.9,31.36,220.0,normal,none,none,none,1.0,0.0,0,0,0,none,0,0.0,none,0.0,,0.4,0.6,2.73,0.5,0.4,1.82,0.314,1.1,5.0,0.35,0.7,3.18,0.514,1.8,8.18,0.4,0.8,3.64,0.2,0.3,1.36,0.4,1.2,5.45,0.0,0.0,0.0
2026-06-08T21:00:00,16.0,80,cloudy,summer,0,weekday,evening,0.27,construction,6.9,31.36,220.0,normal,none,none,none,1.0,0.0,0,0,0,none,0,0.0,none,0.0,,0.4,0.6,2.73,0.5,0.4,1.82,0.314,1.1,5.0,0.35,0.7,3.18,0.514,1.8,8.18,0.4,0.8,3.64,0.2,0.3,1.36,0.4,1.2,5.45,0.0,0.0,0.0
2026-06-09T00:00:00,12.8,99,clear,summer,0,weekday,night,0.08,none,1.78,8.09,220.0,normal,none,none,none,1.0,0.0,0,0,0,none,0,0.0,none,0.0,,0.133,0.2,0.91,0.125,0.1,0.45,0.086,0.3,1.36,0.075,0.15,0.68,0.114,0.4,1.82,0.1,0.2,0.91,0.167,0.25,1.14,0.06,0.18,0.82,0.0,0.0,0.0
2026-06-09T01:00:00,12.8,99,clear,summer,0,weekday,night,0.08,none,1.48,6.73,220.0,normal,none,none,none,1.0,0.0,0,0,0,none,0,0.0,none,0.0,,0.133,0.2,0.91,0.125,0.1,0.45,0.086,0.3,1.36,0.075,0.15,0.68,0.071,0.25,1.14,0.05,0.1,0.45,0.133,0.2,0.91,0.06,0.18,0.82,0.0,0.0,0.0
2026-06-09T02:00:00,12.8,99,clear,summer,0,weekday,night,0.0,none,0.9,4.09,220.0,normal,none,none,none,1.0,0.0,0,0,0,none,0,0.0,none,0.0,,0.067,0.1,0.45,0.0,0.0,0.0,0.057,0.2,0.91,0.0,0.0,0.0,0.086,0.3,1.36,0.05,0.1,0.45,0.0,0.0,0.0,0.067,0.2,0.91,0.0,0.0,0.0
2026-06-09T03:00:00,13.0,90,clear,summer,0,weekday,night,0.0,none,1.7,7.73,220.0,normal,none,none,none,1.0,0.0,0,0,0,none,0,0.0,none,0.0,,0.133,0.2,0.91,0.125,0.1,0.45,0.086,0.3,1.36,0.075,0.15,0.68,0.114,0.4,1.82,0.1,0.2,0.91,0.067,0.1,0.45,0.083,0.25,1.14,0.0,0.0,0.0
2026-06-09T04:00:00,13.0,90,clear,summer,0,weekday,night,0.0,none,1.35,6.14,220.0,normal,none,none,none,1.0,0.0,0,0,0,none,0,0.0,none,0.0,,0.133,0.2,0.91,0.125,0.1,0.45,0.086,0.3,1.36,0.075,0.15,0.68,0.071,0.25,1.14,0.05,0.1,0.45,0.033,0.05,0.23,0.067,0.2,0.91,0.0,0.0,0.0
2026-06-09T05:00:00,12.0,90,clear,summer,0,weekday,night,0.0,none,1.1,5.0,220.0,normal,none,none,none,1.0,0.0,0,0,0,none,0,0.0,none,0.0,,0.133,0.2,0.91,0.125,0.1,0.45,0.086,0.3,1.36,0.075,0.15,0.68,0.071,0.25,1.14,0.0,0.0,0.0,0.067,0.1,0.45,0.0,0.0,0.0,0.0,0.0,0.0
2026-06-09T06:00:00,13.0,90,clear,summer,0,weekday,night,0.0,none,1.3,5.91,220.0,normal,none,none,none,1.0,0.0,0,0,0,none,0,0.0,none,0.0,,0.133,0.2,0.91,0.125,0.1,0.45,0.086,0.3,1.36,0.0,0.0,0.0,0.114,0.4,1.82,0.05,0.1,0.45,0.0,0.0,0.0,0.067,0.2,0.91,0.0,0.0,0.0
2026-06-09T07:00:00,14.0,85,clear,summer,0,weekday,commute,0.41,meeting,8.4,38.18,220.0,normal,none,none,none,1.0,0.0,0,0,0,none,0,0.0,none,0.0,,0.4,0.6,2.73,0.5,0.4,1.82,0.371,1.3,5.91,0.45,0.9,4.09,0.629,2.2,10.0,0.4,0.8,3.64,0.333,0.5,2.27,0.533,1.6,7.27,0.05,0.1,0.45
2026-06-09T08:00:00,16.0,75,clear,summer,0,weekday,commute,0.48,none,8.5,38.64,220.0,normal,none,none,none,1.0,0.0,0,0,0,none,0,0.0,none,0.0,,0.4,0.6,2.73,0.5,0.4,1.82,0.4,1.4,6.36,0.35,0.7,3.18,0.657,2.3,10.45,0.4,0.8,3.64,0.333,0.5,2.27,0.533,1.6,7.27,0.1,0.2,0.91
2026-06-09T09:00:00,19.0,65,clear,summer,0,weekday,work_am,0.91,visitor,9.5,43.18,220.0,normal,none,none,none,1.0,0.0,0,0,0,none,0,0.0,none,0.0,,0.4,0.6,2.73,1.0,0.8,3.64,0.314,1.1,5.0,0.45,0.9,4.09,0.657,2.3,10.45,0.6,1.2,5.45,0.467,0.7,3.18,0.467,1.4,6.36,0.25,0.5,2.27
2026-06-09T10:00:00,21.0,60,clear,summer,0,weekday,work_am,0.86,construction,9.3,42.27,220.0,normal,none,none,none,1.0,0.0,0,0,0,none,0,0.0,none,0.0,,0.4,0.6,2.73,0.5,0.4,1.82,0.371,1.3,5.91,0.45,0.9,4.09,0.629,2.2,10.0,0.5,1.0,4.55,0.333,0.5,2.27,0.533,1.6,7.27,0.4,0.8,3.64
2026-06-09T11:00:00,22.0,55,clear,summer,0,weekday,work_am,0.89,none,8.0,36.36,220.0,normal,none,none,none,1.0,0.0,0,0,0,none,0,0.0,none,0.0,,0.4,0.6,2.73,0.5,0.4,1.82,0.314,1.1,5.0,0.35,0.7,3.18,0.657,2.3,10.45,0.4,0.8,3.64,0.333,0.5,2.27,0.467,1.4,6.36,0.1,0.2,0.91
2026-06-09T12:00:00,23.0,50,clear,summer,0,weekday,lunch,0.5,none,6.8,30.91,220.0,normal,none,none,none,1.0,0.0,0,0,0,none,0,0.0,none,0.0,,0.4,0.6,2.73,0.5,0.4,1.82,0.314,1.1,5.0,0.35,0.7,3.18,0.514,1.8,8.18,0.25,0.5,2.27,0.2,0.3,1.36,0.4,1.2,5.45,0.1,0.2,0.91
2026-06-09T13:00:00,24.0,50,clear,summer,0,weekday,work_pm,0.97,overtime,10.9,49.55,220.0,normal,none,none,none,1.0,0.0,0,0,0,none,0,0.0,none,0.0,,0.8,1.2,5.45,1.0,0.8,3.64,0.429,1.5,6.82,0.45,0.9,4.09,0.657,2.3,10.45,0.55,1.1,5.0,0.467,0.7,3.18,0.6,1.8,8.18,0.3,0.6,2.73
2026-06-09T14:00:00,24.0,55,clear,summer,0,weekday,work_pm,0.85,none,8.6,39.09,220.0,normal,none,none,none,1.0,0.0,0,0,0,none,0,0.0,none,0.0,,0.4,0.6,2.73,0.5,0.4,1.82,0.371,1.3,5.91,0.45,0.9,4.09,0.657,2.3,10.45,0.4,0.8,3.64,0.333,0.5,2.27,0.533,1.6,7.27,0.1,0.2,0.91
2026-06-09T15:00:00,24.0,55,clear,summer,0,weekday,work_pm,0.92,none,7.5,34.09,220.0,normal,none,none,none,1.0,0.0,0,0,0,none,0,0.0,none,0.0,,0.4,0.6,2.73,0.5,0.4,1.82,0.314,1.1,5.0,0.35,0.7,3.18,0.543,1.9,8.64,0.4,0.8,3.64,0.333,0.5,2.27,0.433,1.3,5.91,0.1,0.2,0.91
2026-06-09T16:00:00,23.0,55,clear,summer,0,weekday,work_pm,0.95,none,7.1,32.27,220.0,normal,none,none,none,1.0,0.0,0,0,0,none,0,0.0,none,0.0,,0.4,0.6,2.73,0.5,0.4,1.82,0.314,1.1,5.0,0.35,0.7,3.18,0.543,1.9,8.64,0.4,0.8,3.64,0.2,0.3,1.36,0.433,1.3,5.91,0.0,0.0,0.0
2026-06-09T17:00:00,22.0,55,clear,summer,0,weekday,work_pm,0.94,none,8.5,38.64,220.0,normal,none,none,none,1.0,0.0,0,0,0,none,0,0.0,none,0.0,,0.4,0.6,2.73,0.5,0.4,1.82,0.314,1.1,5.0,0.45,0.9,4.09,0.657,2.3,10.45,0.4,0.8,3.64,0.333,0.5,2.27,0.567,1.7,7.73,0.1,0.2,0.91
2026-06-09T18:00:00,21.0,60,clear,summer,0,weekday,evening,0.23,none,6.8,30.91,220.0,normal,none,none,none,1.0,0.0,0,0,0,none,0,0.0,none,0.0,,0.4,0.6,2.73,0.5,0.4,1.82,0.314,1.1,5.0,0.35,0.7,3.18,0.514,1.8,8.18,0.25,0.5,2.27,0.2,0.3,1.36,0.4,1.2,5.45,0.1,0.2,0.91
2026-06-09T19:00:00,19.0,70,clear,summer,0,weekday,evening,0.2,visitor,7.0,31.82,220.0,normal,none,none,none,1.0,0.0,0,0,0,none,0,0.0,none,0.0,,0.4,0.6,2.73,0.5,0.4,1.82,0.314,1.1,5.0,0.35,0.7,3.18,0.514,1.8,8.18,0.4,0.8,3.64,0.2,0.3,1.36,0.4,1.2,5.45,0.05,0.1,0.45
2026-06-09T20:00:00,18.0,80,clear,summer,0,weekday,evening,0.18,none,4.3,19.55,220.0,normal,none,none,none,1.0,0.0,0,0,0,none,0,0.0,none,0.0,,0.2,0.3,1.36,0.25,0.2,0.91,0.229,0.8,3.64,0.25,0.5,2.27,0.343,1.2,5.45,0.2,0.4,1.82,0.133,0.2,0.91,0.2,0.6,2.73,0.05,0.1,0.45
2026-06-09T21:00:00,17.0,85,clear,summer,0,weekday,evening,0.25,construction,7.1,32.27,220.0,normal,none,none,none,1.0,0.0,0,0,0,none,0,0.0,none,0.0,,0.4,0.6,2.73,0.5,0.4,1.82,0.314,1.1,5.0,0.35,0.7,3.18,0.543,1.9,8.64,0.4,0.8,3.64,0.2,0.3,1.36,0.433,1.3,5.91,0.0,0.0,0.0
2026-06-10T00:00:00,14.6,77,clear,summer,0,weekday,night,0.0,none,1.35,6.14,220.0,normal,none,none,none,1.0,0.0,0,0,0,none,0,0.0,none,0.0,,0.133,0.2,0.91,0.125,0.1,0.45,0.086,0.3,1.36,0.075,0.15,0.68,0.071,0.25,1.14,0.05,0.1,0.45,0.033,0.05,0.23,0.067,0.2,0.91,0.0,0.0,0.0
2026-06-10T01:00:00,14.6,77,clear,summer,0,weekday,night,0.06,none,1.8,8.18,220.0,normal,none,none,none,1.0,0.0,0,0,0,none,0,0.0,none,0.0,,0.133,0.2,0.91,0.125,0.1,0.45,0.086,0.3,1.36,0.075,0.15,0.68,0.114,0.4,1.82,0.125,0.25,1.14,0.12,0.18,0.82,0.073,0.22,1.0,0.0,0.0,0.0
2026-06-10T02:00:00,14.6,77,clear,summer,1,weekday,night,0.0,none,1.4,6.36,220.0,normal,none,none,none,1.0,0.0,0,0,1,watch,1,499.71,CG,57.4,39.9703°N / 130.4509°E,0.133,0.2,0.91,0.125,0.1,0.45,0.086,0.3,1.36,0.0,0.0,0.0,0.114,0.4,1.82,0.05,0.1,0.45,0.133,0.2,0.91,0.0,0.0,0.0,0.05,0.1,0.45
2026-06-10T03:00:00,15.0,80,clear,summer,0,weekday,night,0.02,none,1.5,6.82,220.0,normal,none,none,none,1.0,0.0,0,0,0,none,0,0.0,none,0.0,,0.133,0.2,0.91,0.125,0.1,0.45,0.086,0.3,1.36,0.075,0.15,0.68,0.071,0.25,1.14,0.09,0.18,0.82,0.067,0.1,0.45,0.073,0.22,1.0,0.0,0.0,0.0
2026-06-10T04:00:00,15.0,80,partly_cloudy,summer,0,weekday,night,0.08,none,2.1,9.55,220.0,normal,none,none,none,1.0,0.0,0,0,0,none,0,0.0,none,0.0,,0.133,0.2,0.91,0.125,0.1,0.45,0.086,0.3,1.36,0.2,0.4,1.82,0.143,0.5,2.27,0.1,0.2,0.91,0.067,0.1,0.45,0.1,0.3,1.36,0.0,0.0,0.0
2026-06-10T05:00:00,14.0,85,clear,summer,0,weekday,night,0.02,none,1.52,6.91,220.0,normal,none,none,none,1.0,0.0,0,0,0,none,0,0.0,none,0.0,,0.133,0.2,0.91,0.125,0.1,0.45,0.086,0.3,1.36,0.075,0.15,0.68,0.071,0.25,1.14,0.09,0.18,0.82,0.08,0.12,0.55,0.073,0.22,1.0,0.0,0.0,0.0
2026-06-10T06:00:00,14.0,80,clear,summer,0,weekday,night,0.0,none,1.52,6.91,220.0,normal,none,none,none,1.0,0.0,0,0,0,none,0,0.0,none,0.0,,0.133,0.2,0.91,0.125,0.1,0.45,0.086,0.3,1.36,0.075,0.15,0.68,0.071,0.25,1.14,0.09,0.18,0.82,0.08,0.12,0.55,0.073,0.22,1.0,0.0,0.0,0.0
2026-06-10T07:00:00,16.0,80,clear,summer,0,weekday,commute,0.41,overtime,10.26,46.64,220.0,normal,none,none,none,1.0,0.0,0,0,0,none,0,0.0,none,0.0,,0.533,0.8,3.64,1.2,0.96,4.36,0.257,0.9,4.09,0.75,1.5,6.82,0.657,2.3,10.45,0.35,0.7,3.18,0.733,1.1,5.0,0.2,0.6,2.73,0.7,1.4,6.36
2026-06-10T08:00:00,18.0,75,clear,summer,0,weekday,commute,0.45,none,8.3,37.73,220.0,normal,none,none,none,1.0,0.0,0,0,0,none,0,0.0,none,0.0,,0.4,0.6,2.73,0.5,0.4,1.82,0.371,1.3,5.91,0.35,0.7,3.18,0.629,2.2,10.0,0.4,0.8,3.64,0.333,0.5,2.27,0.533,1.6,7.27,0.1,0.2,0.91
2026-06-10T09:00:00,20.0,70,clear,summer,0,weekday,work_am,0.91,none,8.2,37.27,220.0,normal,none,none,none,1.0,0.0,0,0,0,none,0,0.0,none,0.0,,0.4,0.6,2.73,0.5,0.4,1.82,0.371,1.3,5.91,0.45,0.9,4.09,0.629,2.2,10.0,0.4,0.8,3.64,0.333,0.5,2.27,0.467,1.4,6.36,0.05,0.1,0.45
2026-06-10T10:00:00,21.0,65,clear,summer,0,weekday,work_am,0.85,none,8.8,40.0,220.0,normal,none,none,none,1.0,0.0,0,0,0,none,0,0.0,none,0.0,,0.4,0.6,2.73,0.5,0.4,1.82,0.371,1.3,5.91,0.45,0.9,4.09,0.629,2.2,10.0,0.55,1.1,5.0,0.333,0.5,2.27,0.533,1.6,7.27,0.1,0.2,0.91
2026-06-10T11:00:00,22.0,60,clear,summer,0,weekday,work_am,0.87,none,8.4,38.18,220.0,normal,none,none,none,1.0,0.0,0,0,0,none,0,0.0,none,0.0,,0.4,0.6,2.73,0.5,0.4,1.82,0.371,1.3,5.91,0.45,0.9,4.09,0.629,2.2,10.0,0.4,0.8,3.64,0.333,0.5,2.27,0.533,1.6,7.27,0.05,0.1,0.45
2026-06-10T12:00:00,23.0,60,clear,summer,0,weekday,lunch,0.45,none,7.9,35.91,220.0,normal,none,none,none,1.0,0.0,0,0,0,none,0,0.0,none,0.0,,0.4,0.6,2.73,0.5,0.4,1.82,0.371,1.3,5.91,0.35,0.7,3.18,0.629,2.2,10.0,0.4,0.8,3.64,0.2,0.3,1.36,0.467,1.4,6.36,0.1,0.2,0.91
2026-06-10T13:00:00,24.0,55,clear,summer,0,weekday,work_pm,0.97,overtime,10.26,46.64,220.0,normal,none,none,none,1.0,0.0,0,0,0,none,0,0.0,none,0.0,,0.533,0.8,3.64,1.2,0.96,4.36,0.171,0.6,2.73,0.75,1.5,6.82,0.657,2.3,10.45,0.45,0.9,4.09,0.733,1.1,5.0,0.233,0.7,3.18,0.7,1.4,6.36
2026-06-10T14:00:00,23.0,55,clear,summer,0,weekday,work_pm,0.87,none,7.5,34.09,220.0,normal,none,none,none,1.0,0.0,0,0,0,none,0,0.0,none,0.0,,0.4,0.6,2.73,0.5,0.4,1.82,0.314,1.1,5.0,0.35,0.7,3.18,0.543,1.9,8.64,0.4,0.8,3.64,0.333,0.5,2.27,0.433,1.3,5.91,0.1,0.2,0.91
2026-06-10T15:00:00,23.0,60,partly_cloudy,summer,0,weekday,work_pm,0.97,none,7.5,34.09,220.0,normal,none,none,none,1.0,0.0,0,0,0,none,0,0.0,none,0.0,,0.4,0.6,2.73,0.5,0.4,1.82,0.314,1.1,5.0,0.35,0.7,3.18,0.543,1.9,8.64,0.4,0.8,3.64,0.333,0.5,2.27,0.433,1.3,5.91,0.1,0.2,0.91
2026-06-10T16:00:00,23.0,60,partly_cloudy,summer,0,weekday,work_pm,0.84,visitor,8.9,40.45,220.0,normal,none,none,none,1.0,0.0,0,0,0,none,0,0.0,none,0.0,,0.4,0.6,2.73,0.5,0.4,1.82,0.371,1.3,5.91,0.45,0.9,4.09,0.657,2.3,10.45,0.55,1.1,5.0,0.333,0.5,2.27,0.533,1.6,7.27,0.1,0.2,0.91
2026-06-10T17:00:00,21.0,65,cloudy,summer,0,weekday,work_pm,0.87,overtime,10.9,49.55,220.0,normal,none,none,none,1.0,0.0,0,0,0,none,0,0.0,none,0.0,,0.8,1.2,5.45,1.0,0.8,3.64,0.429,1.5,6.82,0.45,0.9,4.09,0.657,2.3,10.45,0.55,1.1,5.0,0.4,0.6,2.73,0.6,1.8,8.18,0.35,0.7,3.18
2026-06-10T18:00:00,20.0,75,partly_cloudy,summer,0,weekday,evening,0.25,none,7.0,31.82,220.0,normal,none,none,none,1.0,0.0,0,0,0,none,0,0.0,none,0.0,,0.4,0.6,2.73,0.5,0.4,1.82,0.314,1.1,5.0,0.35,0.7,3.18,0.514,1.8,8.18,0.4,0.8,3.64,0.2,0.3,1.36,0.4,1.2,5.45,0.05,0.1,0.45
2026-06-10T19:00:00,19.0,85,clear,summer,0,weekday,evening,0.18,none,4.9,22.27,220.0,normal,none,none,none,1.0,0.0,0,0,0,none,0,0.0,none,0.0,,0.267,0.4,1.82,0.375,0.3,1.36,0.229,0.8,3.64,0.3,0.6,2.73,0.343,1.2,5.45,0.25,0.5,2.27,0.133,0.2,0.91,0.3,0.9,4.09,0.0,0.0,0.0
2026-06-10T20:00:00,18.0,95,clear,summer,0,weekday,evening,0.22,overtime,8.9,40.45,220.0,normal,none,none,none,1.0,0.0,0,0,0,none,0,0.0,none,0.0,,0.4,0.6,2.73,0.5,0.4,1.82,0.371,1.3,5.91,0.45,0.9,4.09,0.629,2.2,10.0,0.55,1.1,5.0,0.333,0.5,2.27,0.533,1.6,7.27,0.15,0.3,1.36
2026-06-10T21:00:00,17.0,95,clear,summer,0,weekday,evening,0.22,overtime,7.0,31.82,220.0,normal,none,none,none,1.0,0.0,0,0,0,none,0,0.0,none,0.0,,0.4,0.6,2.73,0.5,0.4,1.82,0.314,1.1,5.0,0.35,0.7,3.18,0.514,1.8,8.18,0.4,0.8,3.64,0.2,0.3,1.36,0.4,1.2,5.45,0.05,0.1,0.45
2026-06-10T22:00:00,16.0,100,clear,summer,0,weekday,night,0.0,none,1.35,6.14,220.0,normal,none,none,none,1.0,0.0,0,0,0,none,0,0.0,none,0.0,,0.133,0.2,0.91,0.125,0.1,0.45,0.086,0.3,1.36,0.075,0.15,0.68,0.071,0.25,1.14,0.05,0.1,0.45,0.033,0.05,0.23,0.067,0.2,0.91,0.0,0.0,0.0
2026-06-10T23:00:00,16.0,100,clear,summer,0,weekday,night,0.0,none,1.4,6.36,220.0,normal,none,none,none,1.0,0.0,0,0,0,none,0,0.0,none,0.0,,0.133,0.2,0.91,0.125,0.1,0.45,0.086,0.3,1.36,0.0,0.0,0.0,0.114,0.4,1.82,0.05,0.1,0.45,0.133,0.2,0.91,0.0,0.0,0.0,0.05,0.1,0.45
2026-06-11T00:00:00,14.7,99,clear,summer,1,weekday,night,0.0,none,0.86,3.91,220.0,normal,none,none,none,1.0,0.0,0,0,1,watch,5,212.08,CG,18.7,강원특별자치도 인제군 인제읍 고사리 산 5,0.08,0.12,0.55,0.1,0.08,0.36,0.054,0.19,0.86,0.03,0.06,0.27,0.04,0.14,0.64,0.045,0.09,0.41,0.073,0.11,0.5,0.023,0.07,0.32,0.0,0.0,0.0
2026-06-11T01:00:00,14.7,99,clear,summer,1,weekday,night,0.08,none,1.06,4.82,220.0,normal,none,none,none,1.0,0.0,0,0,1,watch,1,229.47,CG,15.5,강원특별자치도 인제군 북면 용대리 산 12-21,0.053,0.08,0.36,0.15,0.12,0.55,0.043,0.15,0.68,0.09,0.18,0.82,0.063,0.22,1.0,0.055,0.11,0.5,0.04,0.06,0.27,0.047,0.14,0.64,0.0,0.0,0.0
2026-06-11T02:00:00,14.7,99,clear,summer,1,weekday,night,0.0,none,1.09,4.95,220.0,normal,none,none,none,1.0,0.0,0,0,1,watch,1,293.81,CG,12.9,38.2348°N / 129.2754°E,0.053,0.08,0.36,0.15,0.12,0.55,0.054,0.19,0.86,0.07,0.14,0.64,0.066,0.23,1.05,0.055,0.11,0.5,0.04,0.06,0.27,0.053,0.16,0.73,0.0,0.0,0.0
2026-06-11T03:00:00,15.0,100,clear,summer,1,weekday,night,0.0,none,1.24,5.64,220.0,normal,none,none,none,1.0,0.0,0,0,1,watch,1,413.77,CG,-22.6,38.1990°N / 130.8914°E,0.053,0.08,0.36,0.15,0.12,0.55,0.051,0.18,0.82,0.11,0.22,1.0,0.089,0.31,1.41,0.07,0.14,0.64,0.04,0.06,0.27,0.03,0.09,0.41,0.02,0.04,0.18
2026-06-11T04:00:00,14.0,100,clear,summer,0,weekday,night,0.03,none,2.51,11.41,220.0,normal,none,none,none,1.0,0.0,0,0,0,none,0,0.0,none,0.0,,0.207,0.31,1.41,0.225,0.18,0.82,0.12,0.42,1.91,0.135,0.27,1.23,0.151,0.53,2.41,0.11,0.22,1.0,0.093,0.14,0.64,0.117,0.35,1.59,0.045,0.09,0.41
2026-06-11T05:00:00,13.0,100,clear,summer,0,weekday,night,0.02,none,3.41,15.5,220.0,normal,none,none,none,1.0,0.0,0,0,0,none,0,0.0,none,0.0,,0.253,0.38,1.73,0.275,0.22,1.0,0.166,0.58,2.64,0.205,0.41,1.86,0.191,0.67,3.05,0.155,0.31,1.41,0.1,0.15,0.68,0.143,0.43,1.95,0.13,0.26,1.18
2026-06-11T06:00:00,13.0,100,clear,summer,0,weekday,night,0.0,none,6.94,31.55,220.0,normal,none,none,none,1.0,0.0,0,0,0,none,0,0.0,none,0.0,,0.253,0.38,1.73,0.338,0.27,1.23,0.309,1.08,4.91,0.355,0.71,3.23,0.557,1.95,8.86,0.41,0.82,3.73,0.233,0.35,1.59,0.46,1.38,6.27,0.0,0.0,0.0
2026-06-11T07:00:00,14.0,95,clear,summer,0,weekday,commute,0.41,none,8.23,37.41,220.0,normal,none,none,none,1.0,0.0,0,0,0,none,0,0.0,none,0.0,,0.387,0.58,2.64,0.425,0.34,1.55,0.337,1.18,5.36,0.46,0.92,4.18,0.651,2.28,10.36,0.38,0.76,3.45,0.287,0.43,1.95,0.54,1.62,7.36,0.06,0.12,0.55
2026-06-11T08:00:00,16.0,90,clear,summer,0,weekday,commute,0.42,none,8.94,40.64,220.0,normal,none,none,none,1.0,0.0,0,0,0,none,0,0.0,none,0.0,,0.387,0.58,2.64,0.425,0.34,1.55,0.394,1.38,6.27,0.46,0.92,4.18,0.706,2.47,11.23,0.52,1.04,4.73,0.307,0.46,2.09,0.543,1.63,7.41,0.06,0.12,0.55
2026-06-11T09:00:00,18.0,80,clear,summer,0,weekday,work_am,0.9,none,8.78,39.91,220.0,normal,none,none,none,1.0,0.0,0,0,0,none,0,0.0,none,0.0,,0.387,0.58,2.64,0.425,0.34,1.55,0.394,1.38,6.27,0.46,0.92,4.18,0.66,2.31,10.5,0.52,1.04,4.73,0.313,0.47,2.14,0.56,1.68,7.64,0.03,0.06,0.27
2026-06-11T10:00:00,19.0,75,clear,summer,0,weekday,work_am,0.83,visitor,9.06,41.18,220.0,normal,none,none,none,1.0,0.0,0,0,0,none,0,0.0,none,0.0,,0.387,0.58,2.64,0.437,0.35,1.59,0.394,1.38,6.27,0.46,0.92,4.18,0.706,2.47,11.23,0.515,1.03,4.68,0.353,0.53,2.41,0.56,1.68,7.64,0.06,0.12,0.55
2026-06-11T11:00:00,20.0,70,clear,summer,0,weekday,work_am,0.8,construction,8.97,40.77,220.0,normal,none,none,none,1.0,0.0,0,0,0,none,0,0.0,none,0.0,,0.387,0.58,2.64,0.425,0.34,1.55,0.394,1.38,6.27,0.46,0.92,4.18,0.706,2.47,11.23,0.515,1.03,4.68,0.307,0.46,2.09,0.57,1.71,7.77,0.04,0.08,0.36
2026-06-11T12:00:00,21.0,65,clear,summer,0,weekday,lunch,0.54,none,8.89,40.41,220.0,normal,none,none,none,1.0,0.0,0,0,0,none,0,0.0,none,0.0,,0.387,0.58,2.64,0.425,0.34,1.55,0.394,1.38,6.27,0.46,0.92,4.18,0.706,2.47,11.23,0.515,1.03,4.68,0.287,0.43,1.95,0.54,1.62,7.36,0.06,0.12,0.55
2026-06-11T13:00:00,21.0,65,clear,summer,0,weekday,work_pm,0.89,none,8.26,37.55,220.0,normal,none,none,none,1.0,0.0,0,0,0,none,0,0.0,none,0.0,,0.347,0.52,2.36,0.35,0.28,1.27,0.386,1.35,6.14,0.38,0.76,3.45,0.623,2.18,9.91,0.525,1.05,4.77,0.253,0.38,1.73,0.54,1.62,7.36,0.06,0.12,0.55
2026-06-11T14:00:00,22.0,65,clear,summer,0,weekday,work_pm,0.95,none,8.76,39.82,220.0,normal,none,none,none,1.0,0.0,0,0,0,none,0,0.0,none,0.0,,0.387,0.58,2.64,0.437,0.35,1.59,0.394,1.38,6.27,0.46,0.92,4.18,0.66,2.31,10.5,0.52,1.04,4.73,0.313,0.47,2.14,0.56,1.68,7.64,0.015,0.03,0.14
2026-06-11T15:00:00,22.0,65,clear,summer,0,weekday,work_pm,0.95,visitor,9.0,40.91,220.0,normal,none,none,none,1.0,0.0,0,0,0,none,0,0.0,none,0.0,,0.387,0.58,2.64,0.425,0.34,1.55,0.394,1.38,6.27,0.46,0.92,4.18,0.706,2.47,11.23,0.515,1.03,4.68,0.32,0.48,2.18,0.56,1.68,7.64,0.06,0.12,0.55
2026-06-11T16:00:00,21.0,65,clear,summer,0,weekday,work_pm,0.96,none,8.2,37.27,220.0,normal,none,none,none,1.0,0.0,0,0,0,none,0,0.0,none,0.0,,0.387,0.58,2.64,0.425,0.34,1.55,0.386,1.35,6.14,0.36,0.72,3.27,0.651,2.28,10.36,0.405,0.81,3.68,0.307,0.46,2.09,0.54,1.62,7.36,0.02,0.04,0.18
2026-06-11T17:00:00,20.0,65,clear,summer,0,weekday,work_pm,0.95,none,8.53,38.77,220.0,normal,none,none,none,1.0,0.0,0,0,0,none,0,0.0,none,0.0,,0.387,0.58,2.64,0.437,0.35,1.59,0.394,1.38,6.27,0.46,0.92,4.18,0.66,2.31,10.5,0.385,0.77,3.5,0.287,0.43,1.95,0.557,1.67,7.59,0.06,0.12,0.55
2026-06-11T18:00:00,19.0,70,clear,summer,0,weekday,evening,0.17,visitor,8.43,38.32,220.0,normal,none,none,none,1.0,0.0,0,0,0,none,0,0.0,none,0.0,,0.347,0.52,2.36,0.35,0.28,1.27,0.386,1.35,6.14,0.435,0.87,3.95,0.669,2.34,10.64,0.465,0.93,4.23,0.273,0.41,1.86,0.527,1.58,7.18,0.075,0.15,0.68
2026-06-11T19:00:00,18.0,80,clear,summer,0,weekday,evening,0.14,visitor,8.94,40.64,220.0,normal,none,none,none,1.0,0.0,0,0,0,none,0,0.0,none,0.0,,0.387,0.58,2.64,0.425,0.34,1.55,0.394,1.38,6.27,0.46,0.92,4.18,0.706,2.47,11.23,0.515,1.03,4.68,0.307,0.46,2.09,0.56,1.68,7.64,0.04,0.08,0.36
2026-06-11T20:00:00,17.0,90,clear,summer,0,weekday,evening,0.18,none,7.87,35.77,220.0,normal,none,none,none,1.0,0.0,0,0,0,none,0,0.0,none,0.0,,0.347,0.52,2.36,0.387,0.31,1.41,0.337,1.18,5.36,0.375,0.75,3.41,0.64,2.24,10.18,0.435,0.87,3.95,0.273,0.41,1.86,0.51,1.53,6.95,0.03,0.06,0.27
2026-06-11T21:00:00,16.0,95,clear,summer,0,weekday,evening,0.18,none,8.26,37.55,220.0,normal,none,none,none,1.0,0.0,0,0,0,none,0,0.0,none,0.0,,0.32,0.48,2.18,0.338,0.27,1.23,0.394,1.38,6.27,0.46,0.92,4.18,0.669,2.34,10.64,0.38,0.76,3.45,0.233,0.35,1.59,0.557,1.67,7.59,0.045,0.09,0.41
2026-06-11T22:00:00,16.0,95,clear,summer,0,weekday,night,0.04,none,7.24,32.91,220.0,normal,none,none,none,1.0,0.0,0,0,0,none,0,0.0,none,0.0,,0.347,0.52,2.36,0.35,0.28,1.27,0.309,1.08,4.91,0.37,0.74,3.36,0.557,1.95,8.86,0.43,0.86,3.91,0.26,0.39,1.77,0.473,1.42,6.45,0.0,0.0,0.0
2026-06-11T23:00:00,16.0,95,clear,summer,0,weekday,night,0.02,none,6.91,31.41,220.0,normal,none,none,none,1.0,0.0,0,0,0,none,0,0.0,none,0.0,,0.253,0.38,1.73,0.275,0.22,1.0,0.309,1.08,4.91,0.355,0.71,3.23,0.557,1.95,8.86,0.415,0.83,3.77,0.207,0.31,1.41,0.46,1.38,6.27,0.025,0.05,0.23
2026-06-12T00:00:00,13.7,99,clear,summer,1,weekday,night,0.0,none,1.0,4.55,220.0,normal,none,none,none,1.0,0.0,0,0,1,watch,5,377.92,CG,-26.6,39.9928°N / 126.3886°E,0.08,0.12,0.55,0.1,0.08,0.36,0.043,0.15,0.68,0.03,0.06,0.27,0.063,0.22,1.0,0.045,0.09,0.41,0.073,0.11,0.5,0.043,0.13,0.59,0.02,0.04,0.18
2026-06-12T01:00:00,13.7,99,clear,summer,1,weekday,night,0.03,none,1.33,6.05,220.0,normal,none,none,none,1.0,0.0,0,0,1,watch,1,375.08,CG,29.2,39.9535°N / 126.1878°E,0.053,0.08,0.36,0.15,0.12,0.55,0.051,0.18,0.82,0.11,0.22,1.0,0.089,0.31,1.41,0.07,0.14,0.64,0.06,0.09,0.41,0.063,0.19,0.86,0.0,0.0,0.0
2026-06-12T02:00:00,13.7,99,clear,summer,1,weekday,night,0.0,none,1.39,6.32,220.0,normal,none,none,none,1.0,0.0,0,0,1,watch,1,406.09,CG,26.3,40.2476°N / 126.4114°E,0.053,0.08,0.36,0.15,0.12,0.55,0.051,0.18,0.82,0.11,0.22,1.0,0.089,0.31,1.41,0.07,0.14,0.64,0.06,0.09,0.41,0.083,0.25,1.14,0.0,0.0,0.0
2026-06-12T03:00:00,15.0,100,clear,summer,0,weekday,night,0.07,none,6.11,27.77,220.0,normal,none,none,none,1.0,0.0,0,0,0,none,0,0.0,none,0.0,,0.253,0.38,1.73,0.275,0.22,1.0,0.271,0.95,4.32,0.305,0.61,2.77,0.48,1.68,7.64,0.365,0.73,3.32,0.207,0.31,1.41,0.397,1.19,5.41,0.02,0.04,0.18
2026-06-12T04:00:00,15.0,100,clear,summer,0,weekday,night,0.0,none,6.3,28.64,220.0,normal,none,none,none,1.0,0.0,0,0,0,none,0,0.0,none,0.0,,0.253,0.38,1.73,0.275,0.22,1.0,0.28,0.98,4.45,0.325,0.65,2.95,0.509,1.78,8.09,0.355,0.71,3.23,0.207,0.31,1.41,0.41,1.23,5.59,0.02,0.04,0.18
2026-06-12T05:00:00,14.0,100,clear,summer,0,weekday,night,0.05,none,7.14,32.45,220.0,normal,none,none,none,1.0,0.0,0,0,0,none,0,0.0,none,0.0,,0.253,0.38,1.73,0.312,0.25,1.14,0.329,1.15,5.23,0.36,0.72,3.27,0.566,1.98,9.0,0.415,0.83,3.77,0.233,0.35,1.59,0.473,1.42,6.45,0.03,0.06,0.27
2026-06-12T06:00:00,15.0,100,clear,summer,0,weekday,night,0.0,none,6.63,30.14,220.0,normal,none,none,none,1.0,0.0,0,0,0,none,0,0.0,none,0.0,,0.227,0.34,1.55,0.35,0.28,1.27,0.309,1.08,4.91,0.31,0.62,2.82,0.557,1.95,8.86,0.38,0.76,3.45,0.207,0.31,1.41,0.43,1.29,5.86,0.0,0.0,0.0
2026-06-12T07:00:00,16.0,95,clear,summer,0,weekday,commute,0.42,overtime,8.76,39.82,220.0,normal,none,none,none,1.0,0.0,0,0,0,none,0,0.0,none,0.0,,0.387,0.58,2.64,0.425,0.34,1.55,0.394,1.38,6.27,0.46,0.92,4.18,0.706,2.47,11.23,0.38,0.76,3.45,0.34,0.51,2.32,0.56,1.68,7.64,0.06,0.12,0.55
2026-06-12T08:00:00,18.0,85,clear,summer,0,weekday,commute,0.39,none,8.88,40.36,220.0,normal,none,none,none,1.0,0.0,0,0,0,none,0,0.0,none,0.0,,0.387,0.58,2.64,0.425,0.34,1.55,0.386,1.35,6.14,0.46,0.92,4.18,0.68,2.38,10.82,0.52,1.04,4.73,0.313,0.47,2.14,0.56,1.68,7.64,0.06,0.12,0.55
2026-06-12T09:00:00,20.0,75,clear,summer,0,weekday,work_am,0.93,none,8.84,40.18,220.0,normal,none,none,none,1.0,0.0,0,0,0,none,0,0.0,none,0.0,,0.387,0.58,2.64,0.425,0.34,1.55,0.394,1.38,6.27,0.46,0.92,4.18,0.677,2.37,10.77,0.52,1.04,4.73,0.313,0.47,2.14,0.56,1.68,7.64,0.03,0.06,0.27
2026-06-12T10:00:00,21.0,70,clear,summer,0,weekday,work_am,0.87,none,8.76,39.82,220.0,normal,none,none,none,1.0,0.0,0,0,0,none,0,0.0,none,0.0,,0.387,0.58,2.64,0.425,0.34,1.55,0.394,1.38,6.27,0.46,0.92,4.18,0.649,2.27,10.32,0.52,1.04,4.73,0.313,0.47,2.14,0.56,1.68,7.64,0.04,0.08,0.36
2026-06-12T11:00:00,22.0,60,clear,summer,0,weekday,work_am,0.87,none,8.88,40.36,220.0,normal,none,none,none,1.0,0.0,0,0,0,none,0,0.0,none,0.0,,0.387,0.58,2.64,0.437,0.35,1.59,0.394,1.38,6.27,0.46,0.92,4.18,0.669,2.34,10.64,0.52,1.04,4.73,0.313,0.47,2.14,0.56,1.68,7.64,0.06,0.12,0.55
2026-06-12T12:00:00,23.0,60,clear,summer,0,weekday,lunch,0.57,none,8.71,39.59,220.0,normal,none,none,none,1.0,0.0,0,0,0,none,0,0.0,none,0.0,,0.387,0.58,2.64,0.425,0.34,1.55,0.394,1.38,6.27,0.46,0.92,4.18,0.66,2.31,10.5,0.515,1.03,4.68,0.313,0.47,2.14,0.54,1.62,7.36,0.03,0.06,0.27
2026-06-12T13:00:00,24.0,60,clear,summer,0,weekday,work_pm,0.9,meeting,9.02,41.0,220.0,normal,none,none,none,1.0,0.0,0,0,0,none,0,0.0,none,0.0,,0.387,0.58,2.64,0.45,0.36,1.64,0.394,1.38,6.27,0.46,0.92,4.18,0.706,2.47,11.23,0.52,1.04,4.73,0.313,0.47,2.14,0.56,1.68,7.64,0.06,0.12,0.55
2026-06-12T14:00:00,25.0,55,clear,summer,0,weekday,work_pm,0.87,visitor,8.92,40.55,220.0,normal,none,none,none,1.0,0.0,0,0,0,none,0,0.0,none,0.0,,0.387,0.58,2.64,0.45,0.36,1.64,0.394,1.38,6.27,0.46,0.92,4.18,0.671,2.35,10.68,0.515,1.03,4.68,0.313,0.47,2.14,0.56,1.68,7.64,0.075,0.15,0.68
2026-06-12T15:00:00,25.0,55,clear,summer,0,weekday,work_pm,0.96,meeting,8.77,39.86,220.0,normal,none,none,none,1.0,0.0,0,0,0,none,0,0.0,none,0.0,,0.387,0.58,2.64,0.425,0.34,1.55,0.394,1.38,6.27,0.46,0.92,4.18,0.66,2.31,10.5,0.515,1.03,4.68,0.313,0.47,2.14,0.56,1.68,7.64,0.03,0.06,0.27
2026-06-12T16:00:00,24.0,55,clear,summer,0,weekday,work_pm,0.94,construction,9.02,41.0,220.0,normal,none,none,none,1.0,0.0,0,0,0,none,0,0.0,none,0.0,,0.387,0.58,2.64,0.437,0.35,1.59,0.394,1.38,6.27,0.46,0.92,4.18,0.706,2.47,11.23,0.52,1.04,4.73,0.32,0.48,2.18,0.56,1.68,7.64,0.06,0.12,0.55
2026-06-12T17:00:00,23.0,55,clear,summer,0,weekday,work_pm,0.97,none,8.25,37.5,220.0,normal,none,none,none,1.0,0.0,0,0,0,none,0,0.0,none,0.0,,0.387,0.58,2.64,0.425,0.34,1.55,0.386,1.35,6.14,0.36,0.72,3.27,0.651,2.28,10.36,0.415,0.83,3.77,0.313,0.47,2.14,0.54,1.62,7.36,0.03,0.06,0.27
2026-06-12T18:00:00,21.0,65,clear,summer,0,weekday,evening,0.23,none,8.26,37.55,220.0,normal,none,none,none,1.0,0.0,0,0,0,none,0,0.0,none,0.0,,0.36,0.54,2.45,0.475,0.38,1.73,0.386,1.35,6.14,0.36,0.72,3.27,0.623,2.18,9.91,0.415,0.83,3.77,0.307,0.46,2.09,0.56,1.68,7.64,0.06,0.12,0.55
2026-06-12T19:00:00,20.0,75,clear,summer,0,weekday,evening,0.19,overtime,8.88,40.36,220.0,normal,none,none,none,1.0,0.0,0,0,0,none,0,0.0,none,0.0,,0.387,0.58,2.64,0.45,0.36,1.64,0.394,1.38,6.27,0.46,0.92,4.18,0.706,2.47,11.23,0.52,1.04,4.73,0.34,0.51,2.32,0.54,1.62,7.36,0.0,0.0,0.0
2026-06-12T20:00:00,18.0,85,clear,summer,0,weekday,evening,0.18,overtime,8.91,40.5,220.0,normal,none,none,none,1.0,0.0,0,0,0,none,0,0.0,none,0.0,,0.387,0.58,2.64,0.425,0.34,1.55,0.394,1.38,6.27,0.46,0.92,4.18,0.706,2.47,11.23,0.515,1.03,4.68,0.307,0.46,2.09,0.56,1.68,7.64,0.025,0.05,0.23
2026-06-12T21:00:00,18.0,90,clear,summer,0,weekday,evening,0.26,visitor,8.93,40.59,220.0,normal,none,none,none,1.0,0.0,0,0,0,none,0,0.0,none,0.0,,0.387,0.58,2.64,0.425,0.34,1.55,0.394,1.38,6.27,0.46,0.92,4.18,0.706,2.47,11.23,0.515,1.03,4.68,0.32,0.48,2.18,0.557,1.67,7.59,0.03,0.06,0.27
2026-06-12T22:00:00,18.0,85,clear,summer,0,weekday,night,0.0,none,6.75,30.68,220.0,normal,none,none,none,1.0,0.0,0,0,0,none,0,0.0,none,0.0,,0.253,0.38,1.73,0.275,0.22,1.0,0.309,1.08,4.91,0.355,0.71,3.23,0.554,1.94,8.82,0.38,0.76,3.45,0.207,0.31,1.41,0.45,1.35,6.14,0.0,0.0,0.0
2026-06-12T23:00:00,17.0,85,clear,summer,0,weekday,night,0.08,none,6.9,31.36,220.0,normal,none,none,none,1.0,0.0,0,0,0,none,0,0.0,none,0.0,,0.28,0.42,1.91,0.35,0.28,1.27,0.309,1.08,4.91,0.355,0.71,3.23,0.534,1.87,8.5,0.42,0.84,3.82,0.233,0.35,1.59,0.44,1.32,6.0,0.015,0.03,0.14
2026-06-13T00:00:00,11.5,99,clear,summer,0,weekend,night,0.0,none,0.91,4.14,220.0,normal,none,none,none,1.0,0.0,0,0,0,none,0,0.0,none,0.0,,0.08,0.12,0.55,0.1,0.08,0.36,0.043,0.15,0.68,0.03,0.06,0.27,0.051,0.18,0.82,0.045,0.09,0.41,0.073,0.11,0.5,0.023,0.07,0.32,0.025,0.05,0.23
2026-06-13T01:00:00,11.5,99,clear,summer,0,weekend,night,0.04,none,1.06,4.82,220.0,normal,none,none,none,1.0,0.0,0,0,0,none,0,0.0,none,0.0,,0.053,0.08,0.36,0.15,0.12,0.55,0.054,0.19,0.86,0.07,0.14,0.64,0.066,0.23,1.05,0.045,0.09,0.41,0.04,0.06,0.27,0.05,0.15,0.68,0.0,0.0,0.0
2026-06-13T02:00:00,11.5,99,clear,summer,0,weekend,night,0.04,none,1.18,5.36,220.0,normal,none,none,none,1.0,0.0,0,0,0,none,0,0.0,none,0.0,,0.053,0.08,0.36,0.15,0.12,0.55,0.051,0.18,0.82,0.07,0.14,0.64,0.063,0.22,1.0,0.08,0.16,0.73,0.06,0.09,0.41,0.063,0.19,0.86,0.0,0.0,0.0
2026-06-13T03:00:00,16.0,85,clear,summer,0,weekend,night,0.01,none,1.11,5.05,220.0,normal,none,none,none,1.0,0.0,0,0,0,none,0,0.0,none,0.0,,0.053,0.08,0.36,0.15,0.12,0.55,0.054,0.19,0.86,0.055,0.11,0.5,0.069,0.24,1.09,0.065,0.13,0.59,0.06,0.09,0.41,0.05,0.15,0.68,0.0,0.0,0.0
2026-06-13T04:00:00,15.0,85,clear,summer,0,weekend,night,0.01,none,1.14,5.18,220.0,normal,none,none,none,1.0,0.0,0,0,0,none,0,0.0,none,0.0,,0.08,0.12,0.55,0.1,0.08,0.36,0.051,0.18,0.82,0.07,0.14,0.64,0.074,0.26,1.18,0.055,0.11,0.5,0.04,0.06,0.27,0.063,0.19,0.86,0.0,0.0,0.0
2026-06-13T05:00:00,15.0,90,clear,summer,0,weekend,night,0.04,none,1.31,5.95,220.0,normal,none,none,none,1.0,0.0,0,0,0,none,0,0.0,none,0.0,,0.12,0.18,0.82,0.112,0.09,0.41,0.063,0.22,1.0,0.075,0.15,0.68,0.089,0.31,1.41,0.04,0.08,0.36,0.047,0.07,0.32,0.063,0.19,0.86,0.01,0.02,0.09
2026-06-13T06:00:00,15.0,90,clear,summer,0,weekend,night,0.04,none,1.93,8.77,220.0,normal,none,none,none,1.0,0.0,0,0,0,none,0,0.0,none,0.0,,0.12,0.18,0.82,0.275,0.22,1.0,0.089,0.31,1.41,0.135,0.27,1.23,0.054,0.19,0.86,0.12,0.24,1.09,0.1,0.15,0.68,0.097,0.29,1.32,0.04,0.08,0.36
2026-06-13T07:00:00,17.0,85,clear,summer,0,weekend,commute,0.03,none,6.72,30.55,220.0,normal,none,none,none,1.0,0.0,0,0,0,none,0,0.0,none,0.0,,0.253,0.38,1.73,0.338,0.27,1.23,0.309,1.08,4.91,0.31,0.62,2.82,0.557,1.95,8.86,0.355,0.71,3.23,0.22,0.33,1.5,0.44,1.32,6.0,0.03,0.06,0.27
2026-06-13T08:00:00,19.0,80,clear,summer,0,weekend,commute,0.0,none,7.82,35.55,220.0,normal,none,none,none,1.0,0.0,0,0,0,none,0,0.0,none,0.0,,0.347,0.52,2.36,0.425,0.34,1.55,0.337,1.18,5.36,0.38,0.76,3.45,0.651,2.28,10.36,0.425,0.85,3.86,0.273,0.41,1.86,0.473,1.42,6.45,0.03,0.06,0.27
2026-06-13T09:00:00,22.0,70,clear,summer,0,weekend,work_am,0.0,none,8.22,37.36,220.0,normal,none,none,none,1.0,0.0,0,0,0,none,0,0.0,none,0.0,,0.387,0.58,2.64,0.425,0.34,1.55,0.329,1.15,5.23,0.46,0.92,4.18,0.637,2.23,10.14,0.38,0.76,3.45,0.313,0.47,2.14,0.56,1.68,7.64,0.045,0.09,0.41
2026-06-13T10:00:00,24.0,65,clear,summer,0,weekend,work_am,0.04,none,8.2,37.27,220.0,normal,none,none,none,1.0,0.0,0,0,0,none,0,0.0,none,0.0,,0.36,0.54,2.45,0.35,0.28,1.27,0.394,1.38,6.27,0.36,0.72,3.27,0.669,2.34,10.64,0.425,0.85,3.86,0.273,0.41,1.86,0.54,1.62,7.36,0.03,0.06,0.27
2026-06-13T11:00:00,25.0,55,clear,summer,0,weekend,work_am,0.03,none,8.35,37.95,220.0,normal,none,none,none,1.0,0.0,0,0,0,none,0,0.0,none,0.0,,0.387,0.58,2.64,0.425,0.34,1.55,0.394,1.38,6.27,0.38,0.76,3.45,0.66,2.31,10.5,0.415,0.83,3.77,0.273,0.41,1.86,0.557,1.67,7.59,0.035,0.07,0.32
2026-06-13T12:00:00,26.0,50,clear,summer,0,weekend,lunch,0.01,none,8.52,38.73,220.0,normal,none,none,none,1.0,0.0,0,0,0,none,0,0.0,none,0.0,,0.387,0.58,2.64,0.425,0.34,1.55,0.394,1.38,6.27,0.355,0.71,3.23,0.706,2.47,11.23,0.41,0.82,3.73,0.287,0.43,1.95,0.56,1.68,7.64,0.055,0.11,0.5
2026-06-13T13:00:00,27.0,50,clear,summer,0,weekend,work_pm,0.03,none,8.43,38.32,220.0,normal,none,none,none,1.0,0.0,0,0,0,none,0,0.0,none,0.0,,0.387,0.58,2.64,0.425,0.34,1.55,0.394,1.38,6.27,0.36,0.72,3.27,0.706,2.47,11.23,0.405,0.81,3.68,0.287,0.43,1.95,0.54,1.62,7.36,0.04,0.08,0.36
2026-06-13T14:00:00,27.0,55,clear,summer,0,weekend,work_pm,0.04,none,8.13,36.95,220.0,normal,none,none,none,1.0,0.0,0,0,0,none,0,0.0,none,0.0,,0.387,0.58,2.64,0.338,0.27,1.23,0.394,1.38,6.27,0.36,0.72,3.27,0.669,2.34,10.64,0.405,0.81,3.68,0.24,0.36,1.64,0.54,1.62,7.36,0.025,0.05,0.23
2026-06-13T15:00:00,27.0,60,clear,summer,0,weekend,work_pm,0.02,none,8.14,37.0,220.0,normal,none,none,none,1.0,0.0,0,0,0,none,0,0.0,none,0.0,,0.32,0.48,2.18,0.437,0.35,1.59,0.394,1.38,6.27,0.36,0.72,3.27,0.64,2.24,10.18,0.415,0.83,3.77,0.273,0.41,1.86,0.557,1.67,7.59,0.03,0.06,0.27
2026-06-13T16:00:00,26.0,65,clear,summer,0,weekend,work_pm,0.04,none,8.27,37.59,220.0,normal,none,none,none,1.0,0.0,0,0,0,none,0,0.0,none,0.0,,0.387,0.58,2.64,0.425,0.34,1.55,0.394,1.38,6.27,0.435,0.87,3.95,0.64,2.24,10.18,0.38,0.76,3.45,0.28,0.42,1.91,0.543,1.63,7.41,0.025,0.05,0.23
2026-06-13T17:00:00,25.0,70,clear,summer,0,weekend,work_pm,0.02,none,8.37,38.05,220.0,normal,none,none,none,1.0,0.0,0,0,0,none,0,0.0,none,0.0,,0.387,0.58,2.64,0.425,0.34,1.55,0.374,1.31,5.95,0.36,0.72,3.27,0.706,2.47,11.23,0.415,0.83,3.77,0.26,0.39,1.77,0.54,1.62,7.36,0.055,0.11,0.5
2026-06-13T18:00:00,23.0,80,clear,summer,0,weekend,evening,0.03,none,7.7,35.0,220.0,normal,none,none,none,1.0,0.0,0,0,0,none,0,0.0,none,0.0,,0.36,0.54,2.45,0.35,0.28,1.27,0.337,1.18,5.36,0.38,0.76,3.45,0.586,2.05,9.32,0.435,0.87,3.95,0.253,0.38,1.73,0.54,1.62,7.36,0.01,0.02,0.09
2026-06-13T19:00:00,22.0,90,clear,summer,0,weekend,evening,0.04,none,8.25,37.5,220.0,normal,none,none,none,1.0,0.0,0,0,0,none,0,0.0,none,0.0,,0.387,0.58,2.64,0.425,0.34,1.55,0.394,1.38,6.27,0.36,0.72,3.27,0.649,2.27,10.32,0.405,0.81,3.68,0.313,0.47,2.14,0.543,1.63,7.41,0.025,0.05,0.23
2026-06-13T20:00:00,21.0,90,clear,summer,0,weekend,evening,0.01,none,8.18,37.18,220.0,normal,none,none,none,1.0,0.0,0,0,0,none,0,0.0,none,0.0,,0.32,0.48,2.18,0.338,0.27,1.23,0.386,1.35,6.14,0.365,0.73,3.32,0.68,2.38,10.82,0.41,0.82,3.73,0.273,0.41,1.86,0.56,1.68,7.64,0.03,0.06,0.27
2026-06-13T21:00:00,20.0,95,clear,summer,0,weekend,evening,0.02,none,8.14,37.0,220.0,normal,none,none,none,1.0,0.0,0,0,0,none,0,0.0,none,0.0,,0.32,0.48,2.18,0.338,0.27,1.23,0.394,1.38,6.27,0.36,0.72,3.27,0.669,2.34,10.64,0.425,0.85,3.86,0.273,0.41,1.86,0.543,1.63,7.41,0.03,0.06,0.27
2026-06-13T22:00:00,20.0,95,partly_cloudy,summer,0,weekend,night,0.03,none,8.03,36.5,220.0,normal,none,none,none,1.0,0.0,0,0,0,none,0,0.0,none,0.0,,0.32,0.48,2.18,0.338,0.27,1.23,0.394,1.38,6.27,0.36,0.72,3.27,0.669,2.34,10.64,0.425,0.85,3.86,0.207,0.31,1.41,0.54,1.62,7.36,0.03,0.06,0.27
2026-06-13T23:00:00,19.0,100,clear,summer,0,weekend,night,0.01,none,7.22,32.82,220.0,normal,none,none,none,1.0,0.0,0,0,0,none,0,0.0,none,0.0,,0.32,0.48,2.18,0.35,0.28,1.27,0.309,1.08,4.91,0.37,0.74,3.36,0.557,1.95,8.86,0.41,0.82,3.73,0.247,0.37,1.68,0.46,1.38,6.27,0.06,0.12,0.55
2026-06-14T00:00:00,19.0,95,clear,summer,0,weekend,night,0.03,none,1.23,5.59,220.0,normal,none,none,none,1.0,0.0,0,0,0,none,0,0.0,none,0.0,,0.08,0.12,0.55,0.1,0.08,0.36,0.054,0.19,0.86,0.07,0.14,0.64,0.089,0.31,1.41,0.055,0.11,0.5,0.04,0.06,0.27,0.073,0.22,1.0,0.0,0.0,0.0
2026-06-14T01:00:00,19.0,95,clear,summer,0,weekend,night,0.02,none,1.04,4.73,220.0,normal,none,none,none,1.0,0.0,0,0,0,none,0,0.0,none,0.0,,0.053,0.08,0.36,0.15,0.12,0.55,0.043,0.15,0.68,0.045,0.09,0.41,0.051,0.18,0.82,0.055,0.11,0.5,0.04,0.06,0.27,0.073,0.22,1.0,0.015,0.03,0.14
2026-06-14T02:00:00,19.0,95,clear,summer,0,weekend,night,0.0,none,1.12,5.09,220.0,normal,none,none,none,1.0,0.0,0,0,0,none,0,0.0,none,0.0,,0.08,0.12,0.55,0.1,0.08,0.36,0.051,0.18,0.82,0.07,0.14,0.64,0.071,0.25,1.14,0.055,0.11,0.5,0.04,0.06,0.27,0.053,0.16,0.73,0.01,0.02,0.09
2026-06-14T03:00:00,18.0,100,clear,summer,0,weekend,night,0.04,none,1.14,5.18,220.0,normal,none,none,none,1.0,0.0,0,0,0,none,0,0.0,none,0.0,,0.053,0.08,0.36,0.15,0.12,0.55,0.051,0.18,0.82,0.075,0.15,0.68,0.063,0.22,1.0,0.055,0.11,0.5,0.06,0.09,0.41,0.047,0.14,0.64,0.025,0.05,0.23
2026-06-14T04:00:00,18.0,95,partly_cloudy,summer,0,weekend,night,0.02,none,1.36,6.18,220.0,normal,none,none,none,1.0,0.0,0,0,0,none,0,0.0,none,0.0,,0.08,0.12,0.55,0.1,0.08,0.36,0.051,0.18,0.82,0.12,0.24,1.09,0.089,0.31,1.41,0.07,0.14,0.64,0.04,0.06,0.27,0.073,0.22,1.0,0.005,0.01,0.05
2026-06-14T05:00:00,18.0,100,cloudy,summer,0,weekend,night,0.01,none,1.72,7.82,220.0,normal,none,none,none,1.0,0.0,0,0,0,none,0,0.0,none,0.0,,0.12,0.18,0.82,0.15,0.12,0.55,0.097,0.34,1.55,0.135,0.27,1.23,0.089,0.31,1.41,0.04,0.08,0.36,0.1,0.15,0.68,0.073,0.22,1.0,0.025,0.05,0.23
2026-06-14T06:00:00,18.0,100,cloudy,summer,0,weekend,night,0.02,none,2.14,9.73,220.0,normal,none,none,none,1.0,0.0,0,0,0,none,0,0.0,none,0.0,,0.253,0.38,1.73,0.237,0.19,0.86,0.069,0.24,1.09,0.155,0.31,1.41,0.08,0.28,1.27,0.075,0.15,0.68,0.147,0.22,1.0,0.087,0.26,1.18,0.055,0.11,0.5
2026-06-14T07:00:00,19.0,95,cloudy,summer,0,weekend,commute,0.02,none,5.32,24.18,220.0,normal,none,none,none,1.0,0.0,0,0,0,none,0,0.0,none,0.0,,0.187,0.28,1.27,0.237,0.19,0.86,0.191,0.67,3.05,0.21,0.42,1.91,0.54,1.89,8.59,0.265,0.53,2.41,0.147,0.22,1.0,0.373,1.12,5.09,0.0,0.0,0.0
2026-06-14T08:00:00,20.0,90,partly_cloudy,summer,0,weekend,commute,0.01,none,7.3,33.18,220.0,normal,none,none,none,1.0,0.0,0,0,0,none,0,0.0,none,0.0,,0.347,0.52,2.36,0.35,0.28,1.27,0.309,1.08,4.91,0.375,0.75,3.41,0.557,1.95,8.86,0.435,0.87,3.95,0.253,0.38,1.73,0.473,1.42,6.45,0.025,0.05,0.23
2026-06-14T09:00:00,22.0,85,clear,summer,0,weekend,work_am,0.0,none,8.18,37.18,220.0,normal,none,none,none,1.0,0.0,0,0,0,none,0,0.0,none,0.0,,0.387,0.58,2.64,0.425,0.34,1.55,0.386,1.35,6.14,0.36,0.72,3.27,0.649,2.27,10.32,0.415,0.83,3.77,0.273,0.41,1.86,0.54,1.62,7.36,0.03,0.06,0.27
2026-06-14T10:00:00,23.0,80,clear,summer,0,weekend,work_am,0.02,none,8.48,38.55,220.0,normal,none,none,none,1.0,0.0,0,0,0,none,0,0.0,none,0.0,,0.387,0.58,2.64,0.425,0.34,1.55,0.394,1.38,6.27,0.38,0.76,3.45,0.694,2.43,11.05,0.41,0.82,3.73,0.307,0.46,2.09,0.54,1.62,7.36,0.045,0.09,0.41
2026-06-14T11:00:00,24.0,70,clear,summer,0,weekend,work_am,0.0,none,8.09,36.77,220.0,normal,none,none,none,1.0,0.0,0,0,0,none,0,0.0,none,0.0,,0.36,0.54,2.45,0.35,0.28,1.27,0.386,1.35,6.14,0.355,0.71,3.23,0.651,2.28,10.36,0.41,0.82,3.73,0.247,0.37,1.68,0.56,1.68,7.64,0.03,0.06,0.27
2026-06-14T12:00:00,24.0,70,partly_cloudy,summer,0,weekend,lunch,0.02,none,8.01,36.41,220.0,normal,none,none,none,1.0,0.0,0,0,0,none,0,0.0,none,0.0,,0.36,0.54,2.45,0.35,0.28,1.27,0.386,1.35,6.14,0.36,0.72,3.27,0.623,2.18,9.91,0.425,0.85,3.86,0.253,0.38,1.73,0.54,1.62,7.36,0.045,0.09,0.41
2026-06-14T13:00:00,25.0,70,shower,summer,0,weekend,work_pm,0.02,none,8.57,38.95,220.0,normal,none,none,none,1.0,0.0,0,0,0,none,0,0.0,none,0.0,,0.387,0.58,2.64,0.437,0.35,1.59,0.394,1.38,6.27,0.36,0.72,3.27,0.649,2.27,10.32,0.52,1.04,4.73,0.307,0.46,2.09,0.56,1.68,7.64,0.045,0.09,0.41
2026-06-14T14:00:00,25.0,70,shower,summer,0,weekend,work_pm,0.01,none,8.86,40.27,220.0,normal,none,none,none,1.0,0.0,0,0,0,none,0,0.0,none,0.0,,0.387,0.58,2.64,0.437,0.35,1.59,0.394,1.38,6.27,0.46,0.92,4.18,0.66,2.31,10.5,0.52,1.04,4.73,0.32,0.48,2.18,0.56,1.68,7.64,0.06,0.12,0.55
2026-06-14T15:00:00,26.0,65,shower,summer,0,weekend,work_pm,0.04,none,8.44,38.36,220.0,normal,none,none,none,1.0,0.0,0,0,0,none,0,0.0,none,0.0,,0.387,0.58,2.64,0.425,0.34,1.55,0.394,1.38,6.27,0.36,0.72,3.27,0.706,2.47,11.23,0.405,0.81,3.68,0.26,0.39,1.77,0.543,1.63,7.41,0.06,0.12,0.55
2026-06-14T16:00:00,26.0,65,partly_cloudy,summer,0,weekend,work_pm,0.02,none,8.23,37.41,220.0,normal,none,none,none,1.0,0.0,0,0,0,none,0,0.0,none,0.0,,0.387,0.58,2.64,0.425,0.34,1.55,0.386,1.35,6.14,0.36,0.72,3.27,0.651,2.28,10.36,0.425,0.85,3.86,0.287,0.43,1.95,0.54,1.62,7.36,0.03,0.06,0.27
2026-06-14T17:00:00,25.0,65,shower,summer,0,weekend,work_pm,0.0,none,8.23,37.41,220.0,normal,none,none,none,1.0,0.0,0,0,0,none,0,0.0,none,0.0,,0.347,0.52,2.36,0.35,0.28,1.27,0.394,1.38,6.27,0.36,0.72,3.27,0.669,2.34,10.64,0.425,0.85,3.86,0.24,0.36,1.64,0.557,1.67,7.59,0.055,0.11,0.5
2026-06-14T18:00:00,24.0,65,clear,summer,0,weekend,evening,0.0,none,8.08,36.73,220.0,normal,none,none,none,1.0,0.0,0,0,0,none,0,0.0,none,0.0,,0.413,0.62,2.82,0.35,0.28,1.27,0.386,1.35,6.14,0.355,0.71,3.23,0.623,2.18,9.91,0.425,0.85,3.86,0.247,0.37,1.68,0.543,1.63,7.41,0.045,0.09,0.41
2026-06-14T19:00:00,22.0,75,clear,summer,0,weekend,evening,0.0,none,7.78,35.36,220.0,normal,none,none,none,1.0,0.0,0,0,0,none,0,0.0,none,0.0,,0.347,0.52,2.36,0.35,0.28,1.27,0.337,1.18,5.36,0.38,0.76,3.45,0.669,2.34,10.64,0.425,0.85,3.86,0.253,0.38,1.73,0.473,1.42,6.45,0.025,0.05,0.23
2026-06-14T20:00:00,20.0,80,partly_cloudy,summer,0,weekend,evening,0.05,none,7.85,35.68,220.0,normal,none,none,none,1.0,0.0,0,0,0,none,0,0.0,none,0.0,,0.347,0.52,2.36,0.35,0.28,1.27,0.337,1.18,5.36,0.38,0.76,3.45,0.64,2.24,10.18,0.47,0.94,4.27,0.253,0.38,1.73,0.477,1.43,6.5,0.06,0.12,0.55
2026-06-14T21:00:00,20.0,85,cloudy,summer,0,weekend,evening,0.02,none,8.19,37.23,220.0,normal,none,none,none,1.0,0.0,0,0,0,none,0,0.0,none,0.0,,0.387,0.58,2.64,0.338,0.27,1.23,0.394,1.38,6.27,0.355,0.71,3.23,0.669,2.34,10.64,0.425,0.85,3.86,0.24,0.36,1.64,0.54,1.62,7.36,0.04,0.08,0.36
2026-06-14T22:00:00,19.0,90,cloudy,summer,0,weekend,night,0.0,none,6.96,31.64,220.0,normal,none,none,none,1.0,0.0,0,0,0,none,0,0.0,none,0.0,,0.28,0.42,1.91,0.35,0.28,1.27,0.309,1.08,4.91,0.355,0.71,3.23,0.54,1.89,8.59,0.415,0.83,3.77,0.233,0.35,1.59,0.447,1.34,6.09,0.03,0.06,0.27
2026-06-14T23:00:00,19.0,90,cloudy,summer,0,weekend,night,0.01,none,6.76,30.73,220.0,normal,none,none,none,1.0,0.0,0,0,0,none,0,0.0,none,0.0,,0.253,0.38,1.73,0.275,0.22,1.0,0.309,1.08,4.91,0.355,0.71,3.23,0.557,1.95,8.86,0.39,0.78,3.55,0.207,0.31,1.41,0.43,1.29,5.86,0.02,0.04,0.18
2026-06-15T00:00:00,18.0,90,partly_cloudy,summer,1,weekday,night,0.03,none,0.93,4.23,220.0,normal,none,none,none,1.0,0.0,0,0,1,watch,3,338.23,CG,-39.0,39.6424°N / 126.6985°E,0.08,0.12,0.55,0.1,0.08,0.36,0.043,0.15,0.68,0.045,0.09,0.41,0.051,0.18,0.82,0.03,0.06,0.27,0.073,0.11,0.5,0.047,0.14,0.64,0.0,0.0,0.0
2026-06-15T01:00:00,18.0,95,cloudy,summer,1,weekday,night,0.0,none,1.11,5.05,220.0,normal,none,none,none,1.0,0.0,0,0,1,watch,1,372.59,CC,77.2,39.9450°N / 126.3936°E,0.053,0.08,0.36,0.15,0.12,0.55,0.054,0.19,0.86,0.075,0.15,0.68,0.063,0.22,1.0,0.055,0.11,0.5,0.04,0.06,0.27,0.06,0.18,0.82,0.0,0.0,0.0
2026-06-15T02:00:00,18.0,95,cloudy,summer,0,weekday,night,0.0,none,0.96,4.36,220.0,normal,none,none,none,1.0,0.0,0,0,0,none,0,0.0,none,0.0,,0.04,0.06,0.27,0.1,0.08,0.36,0.04,0.14,0.64,0.045,0.09,0.41,0.063,0.22,1.0,0.055,0.11,0.5,0.033,0.05,0.23,0.06,0.18,0.82,0.015,0.03,0.14
2026-06-15T03:00:00,17.0,95,cloudy,summer,0,weekday,night,0.0,none,1.07,4.86,220.0,normal,none,none,none,1.0,0.0,0,0,0,none,0,0.0,none,0.0,,0.053,0.08,0.36,0.15,0.12,0.55,0.054,0.19,0.86,0.07,0.14,0.64,0.063,0.22,1.0,0.055,0.11,0.5,0.04,0.06,0.27,0.05,0.15,0.68,0.0,0.0,0.0
2026-06-15T04:00:00,16.0,95,cloudy,summer,0,weekday,night,0.02,none,1.12,5.09,220.0,normal,none,none,none,1.0,0.0,0,0,0,none,0,0.0,none,0.0,,0.053,0.08,0.36,0.15,0.12,0.55,0.054,0.19,0.86,0.07,0.14,0.64,0.066,0.23,1.05,0.055,0.11,0.5,0.06,0.09,0.41,0.053,0.16,0.73,0.0,0.0,0.0
2026-06-15T05:00:00,16.0,95,cloudy,summer,0,weekday,night,0.01,none,1.02,4.64,220.0,normal,none,none,none,1.0,0.0,0,0,0,none,0,0.0,none,0.0,,0.04,0.06,0.27,0.1,0.08,0.36,0.04,0.14,0.64,0.045,0.09,0.41,0.08,0.28,1.27,0.055,0.11,0.5,0.033,0.05,0.23,0.063,0.19,0.86,0.01,0.02,0.09
2026-06-15T06:00:00,17.0,95,cloudy,summer,0,weekday,night,0.0,none,1.08,4.91,220.0,normal,none,none,none,1.0,0.0,0,0,0,none,0,0.0,none,0.0,,0.053,0.08,0.36,0.15,0.12,0.55,0.054,0.19,0.86,0.07,0.14,0.64,0.066,0.23,1.05,0.055,0.11,0.5,0.04,0.06,0.27,0.05,0.15,0.68,0.0,0.0,0.0
2026-06-15T07:00:00,18.0,90,cloudy,summer,0,weekday,commute,0.43,none,2.72,12.36,220.0,normal,none,none,none,1.0,0.0,0,0,0,none,0,0.0,none,0.0,,0.387,0.58,2.64,0.425,0.34,1.55,0.077,0.27,1.23,0.095,0.19,0.86,0.071,0.25,1.14,0.155,0.31,1.41,0.147,0.22,1.0,0.137,0.41,1.86,0.075,0.15,0.68
2026-06-15T08:00:00,20.0,85,cloudy,summer,0,weekday,commute,0.38,none,8.06,36.64,220.0,normal,none,none,none,1.0,0.0,0,0,0,none,0,0.0,none,0.0,,0.387,0.58,2.64,0.338,0.27,1.23,0.386,1.35,6.14,0.36,0.72,3.27,0.623,2.18,9.91,0.42,0.84,3.82,0.273,0.41,1.86,0.543,1.63,7.41,0.04,0.08,0.36
2026-06-15T09:00:00,22.0,75,partly_cloudy,summer,0,weekday,work_am,0.87,none,8.96,40.73,220.0,normal,none,none,none,1.0,0.0,0,0,0,none,0,0.0,none,0.0,,0.387,0.58,2.64,0.437,0.35,1.59,0.394,1.38,6.27,0.46,0.92,4.18,0.706,2.47,11.23,0.52,1.04,4.73,0.32,0.48,2.18,0.54,1.62,7.36,0.06,0.12,0.55
2026-06-15T10:00:00,24.0,65,clear,summer,0,weekday,work_am,0.8,none,8.99,40.86,220.0,normal,none,none,none,1.0,0.0,0,0,0,none,0,0.0,none,0.0,,0.387,0.58,2.64,0.437,0.35,1.59,0.394,1.38,6.27,0.46,0.92,4.18,0.706,2.47,11.23,0.515,1.03,4.68,0.307,0.46,2.09,0.56,1.68,7.64,0.06,0.12,0.55
2026-06-15T11:00:00,25.0,55,clear,summer,0,weekday,work_am,0.88,none,8.86,40.27,220.0,normal,none,none,none,1.0,0.0,0,0,0,none,0,0.0,none,0.0,,0.387,0.58,2.64,0.437,0.35,1.59,0.394,1.38,6.27,0.46,0.92,4.18,0.669,2.34,10.64,0.51,1.02,4.64,0.313,0.47,2.14,0.56,1.68,7.64,0.06,0.12,0.55
2026-06-15T12:00:00,26.0,50,clear,summer,0,weekday,lunch,0.49,none,8.07,36.68,220.0,normal,none,none,none,1.0,0.0,0,0,0,none,0,0.0,none,0.0,,0.347,0.52,2.36,0.387,0.31,1.41,0.383,1.34,6.09,0.37,0.74,3.36,0.623,2.18,9.91,0.435,0.87,3.95,0.287,0.43,1.95,0.54,1.62,7.36,0.03,0.06,0.27
2026-06-15T13:00:00,27.0,50,clear,summer,0,weekday,work_pm,0.87,none,8.2,37.27,220.0,normal,none,none,none,1.0,0.0,0,0,0,none,0,0.0,none,0.0,,0.387,0.58,2.64,0.425,0.34,1.55,0.366,1.28,5.82,0.38,0.76,3.45,0.623,2.18,9.91,0.425,0.85,3.86,0.313,0.47,2.14,0.54,1.62,7.36,0.06,0.12,0.55
2026-06-15T14:00:00,27.0,55,clear,summer,0,weekday,work_pm,0.96,none,8.73,39.68,220.0,normal,none,none,none,1.0,0.0,0,0,0,none,0,0.0,none,0.0,,0.387,0.58,2.64,0.437,0.35,1.59,0.394,1.38,6.27,0.46,0.92,4.18,0.66,2.31,10.5,0.52,1.04,4.73,0.307,0.46,2.09,0.557,1.67,7.59,0.01,0.02,0.09
2026-06-15T15:00:00,27.0,55,clear,summer,0,weekday,work_pm,0.86,visitor,9.03,41.05,220.0,normal,none,none,none,1.0,0.0,0,0,0,none,0,0.0,none,0.0,,0.387,0.58,2.64,0.45,0.36,1.64,0.394,1.38,6.27,0.46,0.92,4.18,0.706,2.47,11.23,0.52,1.04,4.73,0.32,0.48,2.18,0.573,1.72,7.82,0.04,0.08,0.36
2026-06-15T16:00:00,27.0,55,clear,summer,0,weekday,work_pm,0.98,none,8.82,40.09,220.0,normal,none,none,none,1.0,0.0,0,0,0,none,0,0.0,none,0.0,,0.387,0.58,2.64,0.437,0.35,1.59,0.394,1.38,6.27,0.46,0.92,4.18,0.669,2.34,10.64,0.52,1.04,4.73,0.313,0.47,2.14,0.56,1.68,7.64,0.03,0.06,0.27
2026-06-15T17:00:00,26.0,55,clear,summer,0,weekday,work_pm,0.97,none,8.87,40.32,220.0,normal,none,none,none,1.0,0.0,0,0,0,none,0,0.0,none,0.0,,0.387,0.58,2.64,0.462,0.37,1.68,0.394,1.38,6.27,0.455,0.91,4.14,0.669,2.34,10.64,0.51,1.02,4.64,0.313,0.47,2.14,0.56,1.68,7.64,0.06,0.12,0.55
2026-06-15T18:00:00,24.0,60,clear,summer,0,weekday,evening,0.15,overtime,8.63,39.23,220.0,normal,none,none,none,1.0,0.0,0,0,0,none,0,0.0,none,0.0,,0.347,0.52,2.36,0.475,0.38,1.73,0.383,1.34,6.09,0.455,0.91,4.14,0.651,2.28,10.36,0.535,1.07,4.86,0.307,0.46,2.09,0.54,1.62,7.36,0.025,0.05,0.23
2026-06-15T19:00:00,23.0,70,clear,summer,0,weekday,evening,0.22,overtime,8.73,39.68,220.0,normal,none,none,none,1.0,0.0,0,0,0,none,0,0.0,none,0.0,,0.387,0.58,2.64,0.425,0.34,1.55,0.394,1.38,6.27,0.46,0.92,4.18,0.649,2.27,10.32,0.515,1.03,4.68,0.313,0.47,2.14,0.54,1.62,7.36,0.06,0.12,0.55
2026-06-15T20:00:00,22.0,75,clear,summer,0,weekday,evening,0.21,overtime,8.79,39.95,220.0,normal,none,none,none,1.0,0.0,0,0,0,none,0,0.0,none,0.0,,0.387,0.58,2.64,0.425,0.34,1.55,0.394,1.38,6.27,0.46,0.92,4.18,0.649,2.27,10.32,0.515,1.03,4.68,0.313,0.47,2.14,0.56,1.68,7.64,0.06,0.12,0.55
2026-06-15T21:00:00,21.0,75,clear,summer,0,weekday,evening,0.26,none,7.97,36.23,220.0,normal,none,none,none,1.0,0.0,0,0,0,none,0,0.0,none,0.0,,0.36,0.54,2.45,0.35,0.28,1.27,0.383,1.34,6.09,0.36,0.72,3.27,0.623,2.18,9.91,0.415,0.83,3.77,0.247,0.37,1.68,0.54,1.62,7.36,0.045,0.09,0.41
2026-06-15T22:00:00,20.0,80,clear,summer,0,weekday,night,0.0,none,7.89,35.86,220.0,normal,none,none,none,1.0,0.0,0,0,0,none,0,0.0,none,0.0,,0.28,0.42,1.91,0.35,0.28,1.27,0.329,1.15,5.23,0.365,0.73,3.32,0.669,2.34,10.64,0.425,0.85,3.86,0.253,0.38,1.73,0.56,1.68,7.64,0.03,0.06,0.27
2026-06-15T23:00:00,20.0,85,clear,summer,0,weekday,night,0.04,none,6.94,31.55,220.0,normal,none,none,none,1.0,0.0,0,0,0,none,0,0.0,none,0.0,,0.227,0.34,1.55,0.35,0.28,1.27,0.309,1.08,4.91,0.36,0.72,3.27,0.554,1.94,8.82,0.405,0.81,3.68,0.247,0.37,1.68,0.46,1.38,6.27,0.01,0.02,0.09
2026-06-16T00:00:00,17.5,99,clear,summer,1,weekday,night,0.0,none,0.91,4.14,220.0,normal,none,none,none,1.0,0.0,0,0,1,watch,1,614.6,CG,-43.3,31.1029°N / 127.3458°E,0.08,0.12,0.55,0.1,0.08,0.36,0.043,0.15,0.68,0.045,0.09,0.41,0.031,0.11,0.5,0.035,0.07,0.32,0.087,0.13,0.59,0.033,0.1,0.45,0.03,0.06,0.27
2026-06-16T01:00:00,17.5,99,clear,summer,1,weekday,night,0.0,none,1.04,4.73,220.0,normal,none,none,none,1.0,0.0,0,0,1,watch,1,700.42,CG,99.5,41.1276°N / 121.0299°E,0.053,0.08,0.36,0.15,0.12,0.55,0.06,0.21,0.95,0.075,0.15,0.68,0.054,0.19,0.86,0.045,0.09,0.41,0.04,0.06,0.27,0.047,0.14,0.64,0.0,0.0,0.0
2026-06-16T02:00:00,17.5,99,clear,summer,1,weekday,night,0.0,none,1.44,6.55,220.0,normal,none,none,none,1.0,0.0,0,0,1,watch,3,527.17,CG,-38.9,31.8993°N / 125.9218°E,0.053,0.08,0.36,0.15,0.12,0.55,0.054,0.19,0.86,0.135,0.27,1.23,0.089,0.31,1.41,0.075,0.15,0.68,0.04,0.06,0.27,0.073,0.22,1.0,0.02,0.04,0.18
2026-06-16T03:00:00,18.0,90,cloudy,summer,1,weekday,night,0.03,none,6.04,27.45,220.0,normal,none,none,none,1.0,0.0,0,0,1,watch,1,550.06,CG,-27.3,31.9541°N / 128.7153°E,0.253,0.38,1.73,0.275,0.22,1.0,0.271,0.95,4.32,0.305,0.61,2.77,0.477,1.67,7.59,0.36,0.72,3.27,0.207,0.31,1.41,0.393,1.18,5.36,0.0,0.0,0.0
2026-06-16T04:00:00,17.0,90,cloudy,summer,1,weekday,night,0.0,none,7.01,31.86,220.0,normal,none,none,none,1.0,0.0,0,0,1,watch,1,622.88,CG,39.9,40.5356°N / 121.5577°E,0.28,0.42,1.91,0.35,0.28,1.27,0.309,1.08,4.91,0.355,0.71,3.23,0.554,1.94,8.82,0.415,0.83,3.77,0.247,0.37,1.68,0.44,1.32,6.0,0.03,0.06,0.27
2026-06-16T05:00:00,17.0,90,cloudy,summer,0,weekday,night,0.06,none,6.88,31.27,220.0,normal,none,none,none,1.0,0.0,0,0,0,none,0,0.0,none,0.0,,0.253,0.38,1.73,0.338,0.27,1.23,0.309,1.08,4.91,0.36,0.72,3.27,0.554,1.94,8.82,0.405,0.81,3.68,0.24,0.36,1.64,0.43,1.29,5.86,0.015,0.03,0.14
2026-06-16T06:00:00,17.0,90,partly_cloudy,summer,0,weekday,night,0.0,none,7.05,32.05,220.0,normal,none,none,none,1.0,0.0,0,0,0,none,0,0.0,none,0.0,,0.32,0.48,2.18,0.325,0.26,1.18,0.309,1.08,4.91,0.37,0.74,3.36,0.554,1.94,8.82,0.41,0.82,3.73,0.233,0.35,1.59,0.46,1.38,6.27,0.0,0.0,0.0
2026-06-16T07:00:00,19.0,85,cloudy,summer,0,weekday,commute,0.36,overtime,8.63,39.23,220.0,normal,none,none,none,1.0,0.0,0,0,0,none,0,0.0,none,0.0,,0.387,0.58,2.64,0.437,0.35,1.59,0.394,1.38,6.27,0.46,0.92,4.18,0.706,2.47,11.23,0.38,0.76,3.45,0.287,0.43,1.95,0.54,1.62,7.36,0.06,0.12,0.55
2026-06-16T08:00:00,21.0,75,clear,summer,0,weekday,commute,0.48,none,8.97,40.77,220.0,normal,none,none,none,1.0,0.0,0,0,0,none,0,0.0,none,0.0,,0.387,0.58,2.64,0.425,0.34,1.55,0.394,1.38,6.27,0.46,0.92,4.18,0.706,2.47,11.23,0.515,1.03,4.68,0.307,0.46,2.09,0.557,1.67,7.59,0.06,0.12,0.55
2026-06-16T09:00:00,23.0,70,clear,summer,0,weekday,work_am,0.8,none,8.81,40.05,220.0,normal,none,none,none,1.0,0.0,0,0,0,none,0,0.0,none,0.0,,0.387,0.58,2.64,0.437,0.35,1.59,0.394,1.38,6.27,0.46,0.92,4.18,0.649,2.27,10.32,0.52,1.04,4.73,0.313,0.47,2.14,0.56,1.68,7.64,0.06,0.12,0.55
2026-06-16T10:00:00,25.0,60,partly_cloudy,summer,0,weekday,work_am,0.88,none,8.56,38.91,220.0,normal,none,none,none,1.0,0.0,0,0,0,none,0,0.0,none,0.0,,0.36,0.54,2.45,0.475,0.38,1.73,0.386,1.35,6.14,0.36,0.72,3.27,0.651,2.28,10.36,0.51,1.02,4.64,0.313,0.47,2.14,0.56,1.68,7.64,0.06,0.12,0.55
2026-06-16T11:00:00,26.0,55,clear,summer,0,weekday,work_am,0.79,construction,8.94,40.64,220.0,normal,none,none,none,1.0,0.0,0,0,0,none,0,0.0,none,0.0,,0.387,0.58,2.64,0.425,0.34,1.55,0.394,1.38,6.27,0.46,0.92,4.18,0.694,2.43,11.05,0.52,1.04,4.73,0.313,0.47,2.14,0.573,1.72,7.82,0.03,0.06,0.27
2026-06-16T12:00:00,27.0,50,clear,summer,0,weekday,lunch,0.46,none,8.49,38.59,220.0,normal,none,none,none,1.0,0.0,0,0,0,none,0,0.0,none,0.0,,0.387,0.58,2.64,0.425,0.34,1.55,0.394,1.38,6.27,0.36,0.72,3.27,0.706,2.47,11.23,0.425,0.85,3.86,0.273,0.41,1.86,0.56,1.68,7.64,0.03,0.06,0.27
2026-06-16T13:00:00,28.0,50,clear,summer,0,weekday,work_pm,0.97,none,8.31,37.77,220.0,normal,none,none,none,1.0,0.0,0,0,0,none,0,0.0,none,0.0,,0.387,0.58,2.64,0.425,0.34,1.55,0.394,1.38,6.27,0.36,0.72,3.27,0.646,2.26,10.27,0.425,0.85,3.86,0.313,0.47,2.14,0.543,1.63,7.41,0.04,0.08,0.36
2026-06-16T14:00:00,29.0,50,clear,summer,0,weekday,work_pm,0.84,none,8.59,39.05,220.0,normal,none,none,none,1.0,0.0,0,0,0,none,0,0.0,none,0.0,,0.373,0.56,2.55,0.425,0.34,1.55,0.394,1.38,6.27,0.46,0.92,4.18,0.706,2.47,11.23,0.39,0.78,3.55,0.287,0.43,1.95,0.54,1.62,7.36,0.045,0.09,0.41
2026-06-16T15:00:00,29.0,50,clear,summer,0,weekday,work_pm,0.94,visitor,8.92,40.55,220.0,normal,none,none,none,1.0,0.0,0,0,0,none,0,0.0,none,0.0,,0.387,0.58,2.64,0.462,0.37,1.68,0.394,1.38,6.27,0.46,0.92,4.18,0.669,2.34,10.64,0.515,1.03,4.68,0.34,0.51,2.32,0.557,1.67,7.59,0.06,0.12,0.55
2026-06-16T16:00:00,29.0,55,clear,summer,0,weekday,work_pm,0.83,none,8.33,37.86,220.0,normal,none,none,none,1.0,0.0,0,0,0,none,0,0.0,none,0.0,,0.36,0.54,2.45,0.475,0.38,1.73,0.374,1.31,5.95,0.435,0.87,3.95,0.623,2.18,9.91,0.48,0.96,4.36,0.28,0.42,1.91,0.54,1.62,7.36,0.025,0.05,0.23
2026-06-16T17:00:00,27.0,55,partly_cloudy,summer,0,weekday,work_pm,0.82,meeting,8.91,40.5,220.0,normal,none,none,none,1.0,0.0,0,0,0,none,0,0.0,none,0.0,,0.387,0.58,2.64,0.425,0.34,1.55,0.394,1.38,6.27,0.46,0.92,4.18,0.7,2.45,11.14,0.515,1.03,4.68,0.313,0.47,2.14,0.56,1.68,7.64,0.03,0.06,0.27
2026-06-16T18:00:00,25.0,60,partly_cloudy,summer,0,weekday,evening,0.19,overtime,8.33,37.86,220.0,normal,none,none,none,1.0,0.0,0,0,0,none,0,0.0,none,0.0,,0.36,0.54,2.45,0.437,0.35,1.59,0.394,1.38,6.27,0.46,0.92,4.18,0.649,2.27,10.32,0.39,0.78,3.55,0.273,0.41,1.86,0.54,1.62,7.36,0.03,0.06,0.27
2026-06-16T19:00:00,24.0,70,partly_cloudy,summer,0,weekday,evening,0.12,none,8.41,38.23,220.0,normal,none,none,none,1.0,0.0,0,0,0,none,0,0.0,none,0.0,,0.373,0.56,2.55,0.425,0.34,1.55,0.394,1.38,6.27,0.46,0.92,4.18,0.649,2.27,10.32,0.39,0.78,3.55,0.273,0.41,1.86,0.557,1.67,7.59,0.04,0.08,0.36
2026-06-16T20:00:00,23.0,75,partly_cloudy,summer,0,weekday,evening,0.19,none,8.05,36.59,220.0,normal,none,none,none,1.0,0.0,0,0,0,none,0,0.0,none,0.0,,0.373,0.56,2.55,0.35,0.28,1.27,0.374,1.31,5.95,0.36,0.72,3.27,0.649,2.27,10.32,0.425,0.85,3.86,0.253,0.38,1.73,0.543,1.63,7.41,0.025,0.05,0.23
2026-06-16T21:00:00,22.0,75,cloudy,summer,0,weekday,evening,0.13,none,8.15,37.05,220.0,normal,none,none,none,1.0,0.0,0,0,0,none,0,0.0,none,0.0,,0.32,0.48,2.18,0.437,0.35,1.59,0.394,1.38,6.27,0.36,0.72,3.27,0.646,2.26,10.27,0.425,0.85,3.86,0.273,0.41,1.86,0.54,1.62,7.36,0.04,0.08,0.36
2026-06-16T22:00:00,21.0,75,partly_cloudy,summer,0,weekday,night,0.0,none,6.68,30.36,220.0,normal,none,none,none,1.0,0.0,0,0,0,none,0,0.0,none,0.0,,0.253,0.38,1.73,0.275,0.22,1.0,0.309,1.08,4.91,0.355,0.71,3.23,0.54,1.89,8.59,0.38,0.76,3.45,0.207,0.31,1.41,0.443,1.33,6.05,0.0,0.0,0.0
2026-06-16T23:00:00,21.0,80,cloudy,summer,0,weekday,night,0.0,none,6.42,29.18,220.0,normal,none,none,none,1.0,0.0,0,0,0,none,0,0.0,none,0.0,,0.253,0.38,1.73,0.275,0.22,1.0,0.28,0.98,4.45,0.325,0.65,2.95,0.526,1.84,8.36,0.36,0.72,3.27,0.207,0.31,1.41,0.423,1.27,5.77,0.025,0.05,0.23
2026-06-17T00:00:00,18.9,99,clear,summer,1,weekday,night,0.04,none,1.83,8.32,220.0,normal,none,none,none,1.0,0.0,0,0,1,watch,4,482.59,CG,-44.2,32.3376°N / 125.6737°E,0.153,0.23,1.05,0.225,0.18,0.82,0.089,0.31,1.41,0.075,0.15,0.68,0.077,0.27,1.23,0.06,0.12,0.55,0.127,0.19,0.86,0.08,0.24,1.09,0.07,0.14,0.64
2026-06-17T01:00:00,18.9,99,clear,summer,1,weekday,night,0.0,none,1.79,8.14,220.0,normal,none,none,none,1.0,0.0,0,0,1,watch,5,425.8,CG,-115.1,32.8437°N / 125.7597°E,0.053,0.08,0.36,0.15,0.12,0.55,0.054,0.19,0.86,0.12,0.24,1.09,0.089,0.31,1.41,0.135,0.27,1.23,0.1,0.15,0.68,0.113,0.34,1.55,0.045,0.09,0.41
2026-06-17T02:00:00,18.9,99,clear,summer,1,weekday,night,0.0,none,6.55,29.77,220.0,normal,none,none,none,1.0,0.0,0,0,1,watch,32,378.1,CG,-13.4,33.2681°N / 125.8371°E,0.253,0.38,1.73,0.312,0.25,1.14,0.309,1.08,4.91,0.31,0.62,2.82,0.534,1.87,8.5,0.355,0.71,3.23,0.22,0.33,1.5,0.43,1.29,5.86,0.01,0.02,0.09
2026-06-17T03:00:00,19.0,90,partly_cloudy,summer,1,weekday,night,0.06,none,6.95,31.59,220.0,normal,none,none,none,1.0,0.0,0,0,1,watch,5,620.68,CG,-76.1,31.0523°N / 127.3958°E,0.28,0.42,1.91,0.35,0.28,1.27,0.309,1.08,4.91,0.355,0.71,3.23,0.54,1.89,8.59,0.41,0.82,3.73,0.233,0.35,1.59,0.447,1.34,6.09,0.03,0.06,0.27
2026-06-17T04:00:00,18.0,90,partly_cloudy,summer,0,weekday,night,0.0,none,7.07,32.14,220.0,normal,none,none,none,1.0,0.0,0,0,0,none,0,0.0,none,0.0,,0.32,0.48,2.18,0.338,0.27,1.23,0.309,1.08,4.91,0.365,0.73,3.32,0.554,1.94,8.82,0.41,0.82,3.73,0.24,0.36,1.64,0.463,1.39,6.32,0.0,0.0,0.0
2026-06-17T05:00:00,18.0,90,cloudy,summer,0,weekday,night,0.0,none,7.06,32.09,220.0,normal,none,none,none,1.0,0.0,0,0,0,none,0,0.0,none,0.0,,0.253,0.38,1.73,0.325,0.26,1.18,0.309,1.08,4.91,0.36,0.72,3.27,0.554,1.94,8.82,0.415,0.83,3.77,0.233,0.35,1.59,0.46,1.38,6.27,0.06,0.12,0.55
2026-06-17T06:00:00,18.0,90,cloudy,summer,0,weekday,night,0.06,none,8.18,37.18,220.0,normal,none,none,none,1.0,0.0,0,0,0,none,0,0.0,none,0.0,,0.36,0.54,2.45,0.35,0.28,1.27,0.394,1.38,6.27,0.36,0.72,3.27,0.669,2.34,10.64,0.415,0.83,3.77,0.273,0.41,1.86,0.54,1.62,7.36,0.03,0.06,0.27
2026-06-17T07:00:00,20.0,85,cloudy,summer,0,weekday,commute,0.35,none,8.5,38.64,220.0,normal,none,none,none,1.0,0.0,0,0,0,none,0,0.0,none,0.0,,0.387,0.58,2.64,0.425,0.34,1.55,0.394,1.38,6.27,0.36,0.72,3.27,0.706,2.47,11.23,0.425,0.85,3.86,0.273,0.41,1.86,0.543,1.63,7.41,0.06,0.12,0.55
2026-06-17T08:00:00,22.0,85,cloudy,summer,0,weekday,commute,0.41,overtime,8.93,40.59,220.0,normal,none,none,none,1.0,0.0,0,0,0,none,0,0.0,none,0.0,,0.387,0.58,2.64,0.425,0.34,1.55,0.394,1.38,6.27,0.46,0.92,4.18,0.689,2.41,10.95,0.515,1.03,4.68,0.313,0.47,2.14,0.56,1.68,7.64,0.06,0.12,0.55
2026-06-17T09:00:00,23.0,80,cloudy,summer,0,weekday,work_am,0.89,none,8.33,37.86,220.0,normal,none,none,none,1.0,0.0,0,0,0,none,0,0.0,none,0.0,,0.387,0.58,2.64,0.425,0.34,1.55,0.337,1.18,5.36,0.46,0.92,4.18,0.649,2.27,10.32,0.435,0.87,3.95,0.307,0.46,2.09,0.543,1.63,7.41,0.04,0.08,0.36
2026-06-17T10:00:00,25.0,80,cloudy,summer,0,weekday,work_am,0.93,none,8.85,40.23,220.0,normal,none,none,none,1.0,0.0,0,0,0,none,0,0.0,none,0.0,,0.387,0.58,2.64,0.45,0.36,1.64,0.383,1.34,6.09,0.46,0.92,4.18,0.68,2.38,10.82,0.52,1.04,4.73,0.313,0.47,2.14,0.56,1.68,7.64,0.04,0.08,0.36
2026-06-17T11:00:00,26.0,70,cloudy,summer,0,weekday,work_am,0.85,none,8.89,40.41,220.0,normal,none,none,none,1.0,0.0,0,0,0,none,0,0.0,none,0.0,,0.387,0.58,2.64,0.45,0.36,1.64,0.394,1.38,6.27,0.46,0.92,4.18,0.669,2.34,10.64,0.52,1.04,4.73,0.313,0.47,2.14,0.56,1.68,7.64,0.06,0.12,0.55
2026-06-17T12:00:00,27.0,65,cloudy,summer,0,weekday,lunch,0.44,visitor,8.83,40.14,220.0,normal,none,none,none,1.0,0.0,0,0,0,none,0,0.0,none,0.0,,0.387,0.58,2.64,0.425,0.34,1.55,0.386,1.35,6.14,0.46,0.92,4.18,0.677,2.37,10.77,0.52,1.04,4.73,0.313,0.47,2.14,0.56,1.68,7.64,0.04,0.08,0.36
2026-06-17T13:00:00,27.0,60,cloudy,summer,0,weekday,work_pm,0.93,construction,8.98,40.82,220.0,normal,none,none,none,1.0,0.0,0,0,0,none,0,0.0,none,0.0,,0.387,0.58,2.64,0.425,0.34,1.55,0.394,1.38,6.27,0.46,0.92,4.18,0.706,2.47,11.23,0.515,1.03,4.68,0.307,0.46,2.09,0.56,1.68,7.64,0.06,0.12,0.55
2026-06-17T14:00:00,28.0,65,cloudy,summer,0,weekday,work_pm,0.9,none,8.67,39.41,220.0,normal,none,none,none,1.0,0.0,0,0,0,none,0,0.0,none,0.0,,0.387,0.58,2.64,0.437,0.35,1.59,0.394,1.38,6.27,0.46,0.92,4.18,0.66,2.31,10.5,0.52,1.04,4.73,0.313,0.47,2.14,0.54,1.62,7.36,0.0,0.0,0.0
2026-06-17T15:00:00,28.0,65,cloudy,summer,0,weekday,work_pm,0.93,visitor,8.76,39.82,220.0,normal,none,none,none,1.0,0.0,0,0,0,none,0,0.0,none,0.0,,0.387,0.58,2.64,0.425,0.34,1.55,0.394,1.38,6.27,0.46,0.92,4.18,0.669,2.34,10.64,0.515,1.03,4.68,0.313,0.47,2.14,0.54,1.62,7.36,0.04,0.08,0.36
2026-06-17T16:00:00,27.0,65,cloudy,summer,0,weekday,work_pm,0.82,visitor,8.82,40.09,220.0,normal,none,none,none,1.0,0.0,0,0,0,none,0,0.0,none,0.0,,0.387,0.58,2.64,0.437,0.35,1.59,0.394,1.38,6.27,0.46,0.92,4.18,0.669,2.34,10.64,0.52,1.04,4.73,0.313,0.47,2.14,0.56,1.68,7.64,0.03,0.06,0.27
2026-06-17T17:00:00,26.0,65,partly_cloudy,summer,0,weekday,work_pm,0.85,overtime,8.84,40.18,220.0,normal,none,none,none,1.0,0.0,0,0,0,none,0,0.0,none,0.0,,0.387,0.58,2.64,0.425,0.34,1.55,0.394,1.38,6.27,0.46,0.92,4.18,0.66,2.31,10.5,0.52,1.04,4.73,0.313,0.47,2.14,0.56,1.68,7.64,0.06,0.12,0.55
2026-06-17T18:00:00,24.0,70,clear,summer,0,weekday,evening,0.2,none,8.42,38.27,220.0,normal,none,none,none,1.0,0.0,0,0,0,none,0,0.0,none,0.0,,0.347,0.52,2.36,0.35,0.28,1.27,0.386,1.35,6.14,0.455,0.91,4.14,0.68,2.38,10.82,0.425,0.85,3.86,0.24,0.36,1.64,0.56,1.68,7.64,0.045,0.09,0.41
2026-06-17T19:00:00,23.0,75,partly_cloudy,summer,0,weekday,evening,0.22,overtime,7.62,34.64,220.0,normal,none,none,none,1.0,0.0,0,0,0,none,0,0.0,none,0.0,,0.32,0.48,2.18,0.387,0.31,1.41,0.337,1.18,5.36,0.38,0.76,3.45,0.58,2.03,9.23,0.435,0.87,3.95,0.28,0.42,1.91,0.507,1.52,6.91,0.025,0.05,0.23
2026-06-17T20:00:00,22.0,80,clear,summer,0,weekday,evening,0.27,none,8.07,36.68,220.0,normal,none,none,none,1.0,0.0,0,0,0,none,0,0.0,none,0.0,,0.387,0.58,2.64,0.425,0.34,1.55,0.394,1.38,6.27,0.36,0.72,3.27,0.626,2.19,9.95,0.425,0.85,3.86,0.313,0.47,2.14,0.473,1.42,6.45,0.06,0.12,0.55
2026-06-17T21:00:00,21.0,85,clear,summer,0,weekday,evening,0.14,none,8.46,38.45,220.0,normal,none,none,none,1.0,0.0,0,0,0,none,0,0.0,none,0.0,,0.387,0.58,2.64,0.425,0.34,1.55,0.394,1.38,6.27,0.36,0.72,3.27,0.706,2.47,11.23,0.405,0.81,3.68,0.273,0.41,1.86,0.543,1.63,7.41,0.06,0.12,0.55
2026-06-17T22:00:00,21.0,85,clear,summer,0,weekday,night,0.0,none,6.99,31.77,220.0,normal,none,none,none,1.0,0.0,0,0,0,none,0,0.0,none,0.0,,0.28,0.42,1.91,0.35,0.28,1.27,0.309,1.08,4.91,0.365,0.73,3.32,0.554,1.94,8.82,0.405,0.81,3.68,0.233,0.35,1.59,0.46,1.38,6.27,0.0,0.0,0.0
2026-06-17T23:00:00,20.0,85,clear,summer,0,weekday,night,0.06,none,7.35,33.41,220.0,normal,none,none,none,1.0,0.0,0,0,0,none,0,0.0,none,0.0,,0.347,0.52,2.36,0.35,0.28,1.27,0.329,1.15,5.23,0.37,0.74,3.36,0.557,1.95,8.86,0.425,0.85,3.86,0.253,0.38,1.73,0.473,1.42,6.45,0.03,0.06,0.27
2026-06-18T00:00:00,21.0,99,clear,summer,1,weekday,night,0.0,none,0.88,4.0,220.0,normal,none,none,none,1.0,0.0,0,0,1,watch,26,201.5,CG,-23.0,경북 안동시 길안면 만음리 산 2,0.08,0.12,0.55,0.1,0.08,0.36,0.043,0.15,0.68,0.025,0.05,0.23,0.051,0.18,0.82,0.035,0.07,0.32,0.073,0.11,0.5,0.03,0.09,0.41,0.015,0.03,0.14
2026-06-18T01:00:00,21.0,99,clear,summer,1,weekday,night,0.03,none,1.08,4.91,220.0,normal,none,none,none,1.0,0.0,0,0,1,watch,67,307.92,CG,-7.8,36.6419°N / 130.1107°E,0.08,0.12,0.55,0.1,0.08,0.36,0.054,0.19,0.86,0.07,0.14,0.64,0.066,0.23,1.05,0.055,0.11,0.5,0.04,0.06,0.27,0.05,0.15,0.68,0.0,0.0,0.0
2026-06-18T02:00:00,21.0,99,clear,summer,1,weekday,night,0.0,none,1.01,4.59,220.0,normal,none,none,none,1.0,0.0,0,0,1,watch,30,348.68,CG,-64.1,36.4515°N / 130.5586°E,0.053,0.08,0.36,0.15,0.12,0.55,0.054,0.19,0.86,0.055,0.11,0.5,0.043,0.15,0.68,0.045,0.09,0.41,0.093,0.14,0.64,0.02,0.06,0.27,0.035,0.07,0.32
2026-06-18T03:00:00,19.0,95,clear,summer,1,weekday,night,0.03,none,1.23,5.59,220.0,normal,none,none,none,1.0,0.0,0,0,1,watch,46,289.57,CG,-28.9,38.4189°N / 129.0113°E,0.053,0.08,0.36,0.15,0.12,0.55,0.051,0.18,0.82,0.11,0.22,1.0,0.089,0.31,1.41,0.07,0.14,0.64,0.06,0.09,0.41,0.02,0.06,0.27,0.015,0.03,0.14
2026-06-18T04:00:00,19.0,95,partly_cloudy,summer,0,weekday,night,0.0,none,1.37,6.23,220.0,normal,none,none,none,1.0,0.0,0,0,0,none,0,0.0,none,0.0,,0.053,0.08,0.36,0.15,0.12,0.55,0.069,0.24,1.09,0.095,0.19,0.86,0.089,0.31,1.41,0.075,0.15,0.68,0.04,0.06,0.27,0.073,0.22,1.0,0.0,0.0,0.0
2026-06-18T05:00:00,19.0,95,clear,summer,0,weekday,night,0.08,none,6.08,27.64,220.0,normal,none,none,none,1.0,0.0,0,0,0,none,0,0.0,none,0.0,,0.253,0.38,1.73,0.275,0.22,1.0,0.271,0.95,4.32,0.305,0.61,2.77,0.48,1.68,7.64,0.355,0.71,3.23,0.207,0.31,1.41,0.39,1.17,5.32,0.025,0.05,0.23
2026-06-18T06:00:00,19.0,95,partly_cloudy,summer,0,weekday,night,0.0,none,6.94,31.55,220.0,normal,none,none,none,1.0,0.0,0,0,0,none,0,0.0,none,0.0,,0.253,0.38,1.73,0.275,0.22,1.0,0.309,1.08,4.91,0.375,0.75,3.41,0.554,1.94,8.82,0.415,0.83,3.77,0.207,0.31,1.41,0.457,1.37,6.23,0.03,0.06,0.27
2026-06-18T07:00:00,20.0,90,clear,summer,0,weekday,commute,0.45,overtime,8.2,37.27,220.0,normal,none,none,none,1.0,0.0,0,0,0,none,0,0.0,none,0.0,,0.387,0.58,2.64,0.338,0.27,1.23,0.394,1.38,6.27,0.36,0.72,3.27,0.669,2.34,10.64,0.405,0.81,3.68,0.287,0.43,1.95,0.54,1.62,7.36,0.025,0.05,0.23
2026-06-18T08:00:00,21.0,90,clear,summer,0,weekday,commute,0.4,none,8.72,39.64,220.0,normal,none,none,none,1.0,0.0,0,0,0,none,0,0.0,none,0.0,,0.387,0.58,2.64,0.425,0.34,1.55,0.394,1.38,6.27,0.46,0.92,4.18,0.66,2.31,10.5,0.52,1.04,4.73,0.313,0.47,2.14,0.54,1.62,7.36,0.03,0.06,0.27
2026-06-18T09:00:00,23.0,80,cloudy,summer,0,weekday,work_am,0.83,overtime,8.87,40.32,220.0,normal,none,none,none,1.0,0.0,0,0,0,none,0,0.0,none,0.0,,0.387,0.58,2.64,0.437,0.35,1.59,0.394,1.38,6.27,0.46,0.92,4.18,0.669,2.34,10.64,0.52,1.04,4.73,0.307,0.46,2.09,0.56,1.68,7.64,0.06,0.12,0.55
2026-06-18T10:00:00,24.0,80,cloudy,summer,0,weekday,work_am,0.92,overtime,8.99,40.86,220.0,normal,none,none,none,1.0,0.0,0,0,0,none,0,0.0,none,0.0,,0.387,0.58,2.64,0.437,0.35,1.59,0.394,1.38,6.27,0.46,0.92,4.18,0.706,2.47,11.23,0.515,1.03,4.68,0.307,0.46,2.09,0.56,1.68,7.64,0.06,0.12,0.55
2026-06-18T11:00:00,25.0,80,cloudy,summer,0,weekday,work_am,0.91,none,8.47,38.5,220.0,normal,none,none,none,1.0,0.0,0,0,0,none,0,0.0,none,0.0,,0.387,0.58,2.64,0.425,0.34,1.55,0.374,1.31,5.95,0.435,0.87,3.95,0.651,2.28,10.36,0.48,0.96,4.36,0.287,0.43,1.95,0.54,1.62,7.36,0.04,0.08,0.36
2026-06-18T12:00:00,26.0,75,cloudy,summer,0,weekday,lunch,0.47,none,8.92,40.55,220.0,normal,none,none,none,1.0,0.0,0,0,0,none,0,0.0,none,0.0,,0.387,0.58,2.64,0.425,0.34,1.55,0.394,1.38,6.27,0.46,0.92,4.18,0.706,2.47,11.23,0.52,1.04,4.73,0.307,0.46,2.09,0.56,1.68,7.64,0.025,0.05,0.23
2026-06-18T13:00:00,26.0,75,cloudy,summer,0,weekday,work_pm,0.96,none,8.45,38.41,220.0,normal,none,none,none,1.0,0.0,0,0,0,none,0,0.0,none,0.0,,0.387,0.58,2.64,0.437,0.35,1.59,0.394,1.38,6.27,0.36,0.72,3.27,0.669,2.34,10.64,0.41,0.82,3.73,0.313,0.47,2.14,0.56,1.68,7.64,0.055,0.11,0.5
2026-06-18T14:00:00,26.0,75,cloudy,summer,0,weekday,work_pm,0.92,overtime,8.94,40.64,220.0,normal,none,none,none,1.0,0.0,0,0,0,none,0,0.0,none,0.0,,0.387,0.58,2.64,0.425,0.34,1.55,0.394,1.38,6.27,0.46,0.92,4.18,0.706,2.47,11.23,0.52,1.04,4.73,0.307,0.46,2.09,0.56,1.68,7.64,0.035,0.07,0.32
2026-06-18T15:00:00,26.0,75,clear,summer,0,weekday,work_pm,0.92,visitor,8.91,40.5,220.0,normal,none,none,none,1.0,0.0,0,0,0,none,0,0.0,none,0.0,,0.387,0.58,2.64,0.425,0.34,1.55,0.394,1.38,6.27,0.46,0.92,4.18,0.671,2.35,10.68,0.52,1.04,4.73,0.313,0.47,2.14,0.56,1.68,7.64,0.075,0.15,0.68
2026-06-18T16:00:00,26.0,75,cloudy,summer,0,weekday,work_pm,0.97,overtime,8.78,39.91,220.0,normal,none,none,none,1.0,0.0,0,0,0,none,0,0.0,none,0.0,,0.387,0.58,2.64,0.425,0.34,1.55,0.394,1.38,6.27,0.46,0.92,4.18,0.66,2.31,10.5,0.52,1.04,4.73,0.313,0.47,2.14,0.56,1.68,7.64,0.03,0.06,0.27
2026-06-18T17:00:00,26.0,75,cloudy,summer,0,weekday,work_pm,0.91,none,9.04,41.09,220.0,normal,none,none,none,1.0,0.0,0,0,0,none,0,0.0,none,0.0,,0.387,0.58,2.64,0.425,0.34,1.55,0.394,1.38,6.27,0.46,0.92,4.18,0.706,2.47,11.23,0.525,1.05,4.77,0.307,0.46,2.09,0.573,1.72,7.82,0.06,0.12,0.55
2026-06-18T18:00:00,25.0,75,clear,summer,0,weekday,evening,0.17,none,8.94,40.64,220.0,normal,none,none,none,1.0,0.0,0,0,0,none,0,0.0,none,0.0,,0.387,0.58,2.64,0.425,0.34,1.55,0.394,1.38,6.27,0.46,0.92,4.18,0.706,2.47,11.23,0.515,1.03,4.68,0.307,0.46,2.09,0.56,1.68,7.64,0.04,0.08,0.36
2026-06-18T19:00:00,24.0,80,cloudy,summer,0,weekday,evening,0.23,none,8.03,36.5,220.0,normal,none,none,none,1.0,0.0,0,0,0,none,0,0.0,none,0.0,,0.347,0.52,2.36,0.387,0.31,1.41,0.337,1.18,5.36,0.38,0.76,3.45,0.651,2.28,10.36,0.435,0.87,3.95,0.273,0.41,1.86,0.54,1.62,7.36,0.04,0.08,0.36
2026-06-18T20:00:00,23.0,85,partly_cloudy,summer,0,weekday,evening,0.24,none,8.3,37.73,220.0,normal,none,none,none,1.0,0.0,0,0,0,none,0,0.0,none,0.0,,0.387,0.58,2.64,0.338,0.27,1.23,0.383,1.34,6.09,0.36,0.72,3.27,0.674,2.36,10.73,0.415,0.83,3.77,0.273,0.41,1.86,0.56,1.68,7.64,0.055,0.11,0.5
2026-06-18T21:00:00,22.0,90,partly_cloudy,summer,0,weekday,evening,0.19,none,8.01,36.41,220.0,normal,none,none,none,1.0,0.0,0,0,0,none,0,0.0,none,0.0,,0.347,0.52,2.36,0.35,0.28,1.27,0.329,1.15,5.23,0.38,0.76,3.45,0.669,2.34,10.64,0.425,0.85,3.86,0.253,0.38,1.73,0.56,1.68,7.64,0.025,0.05,0.23
2026-06-18T22:00:00,21.0,95,partly_cloudy,summer,0,weekday,night,0.0,none,8.17,37.14,220.0,normal,none,none,none,1.0,0.0,0,0,0,none,0,0.0,none,0.0,,0.32,0.48,2.18,0.338,0.27,1.23,0.386,1.35,6.14,0.365,0.73,3.32,0.66,2.31,10.5,0.41,0.82,3.73,0.253,0.38,1.73,0.56,1.68,7.64,0.075,0.15,0.68
2026-06-18T23:00:00,21.0,95,clear,summer,0,weekday,night,0.04,none,8.04,36.55,220.0,normal,none,none,none,1.0,0.0,0,0,0,none,0,0.0,none,0.0,,0.28,0.42,1.91,0.35,0.28,1.27,0.386,1.35,6.14,0.355,0.71,3.23,0.68,2.38,10.82,0.43,0.86,3.91,0.26,0.39,1.77,0.54,1.62,7.36,0.015,0.03,0.14
2026-06-19T00:00:00,20.2,99,clear,summer,1,weekday,night,0.0,none,0.86,3.91,220.0,normal,none,none,none,1.0,0.0,0,0,1,watch,1,778.58,CG,-41.6,30.1502°N / 129.9259°E,0.08,0.12,0.55,0.1,0.08,0.36,0.043,0.15,0.68,0.045,0.09,0.41,0.051,0.18,0.82,0.035,0.07,0.32,0.073,0.11,0.5,0.02,0.06,0.27,0.0,0.0,0.0
2026-06-19T01:00:00,20.2,99,clear,summer,0,weekday,night,0.0,none,1.0,4.55,220.0,normal,none,none,none,1.0,0.0,0,0,0,none,0,0.0,none,0.0,,0.053,0.08,0.36,0.15,0.12,0.55,0.051,0.18,0.82,0.07,0.14,0.64,0.063,0.22,1.0,0.055,0.11,0.5,0.04,0.06,0.27,0.03,0.09,0.41,0.0,0.0,0.0
2026-06-19T02:00:00,20.2,99,clear,summer,0,weekday,night,0.03,none,0.97,4.41,220.0,normal,none,none,none,1.0,0.0,0,0,0,none,0,0.0,none,0.0,,0.053,0.08,0.36,0.15,0.12,0.55,0.043,0.15,0.68,0.055,0.11,0.5,0.051,0.18,0.82,0.045,0.09,0.41,0.04,0.06,0.27,0.047,0.14,0.64,0.02,0.04,0.18
2026-06-19T03:00:00,19.0,100,cloudy,summer,1,weekday,night,0.05,none,1.42,6.45,220.0,normal,none,none,none,1.0,0.0,0,0,1,watch,3,688.04,CG,-152.5,31.6729°N / 131.1853°E,0.053,0.08,0.36,0.15,0.12,0.55,0.051,0.18,0.82,0.11,0.22,1.0,0.089,0.31,1.41,0.07,0.14,0.64,0.04,0.06,0.27,0.09,0.27,1.23,0.02,0.04,0.18
2026-06-19T04:00:00,19.0,100,cloudy,summer,0,weekday,night,0.0,none,1.36,6.18,220.0,normal,none,none,none,1.0,0.0,0,0,0,none,0,0.0,none,0.0,,0.08,0.12,0.55,0.1,0.08,0.36,0.051,0.18,0.82,0.125,0.25,1.14,0.097,0.34,1.55,0.08,0.16,0.73,0.06,0.09,0.41,0.037,0.11,0.5,0.015,0.03,0.14
2026-06-19T05:00:00,18.0,100,cloudy,summer,0,weekday,night,0.0,none,2.31,10.5,220.0,normal,none,none,none,1.0,0.0,0,0,0,none,0,0.0,none,0.0,,0.207,0.31,1.41,0.225,0.18,0.82,0.134,0.47,2.14,0.125,0.25,1.14,0.123,0.43,1.95,0.095,0.19,0.86,0.08,0.12,0.55,0.12,0.36,1.64,0.0,0.0,0.0
2026-06-19T06:00:00,18.0,95,cloudy,summer,0,weekday,night,0.0,none,3.45,15.68,220.0,normal,none,none,none,1.0,0.0,0,0,0,none,0,0.0,none,0.0,,0.253,0.38,1.73,0.275,0.22,1.0,0.166,0.58,2.64,0.205,0.41,1.86,0.309,1.08,4.91,0.135,0.27,1.23,0.127,0.19,0.86,0.107,0.32,1.45,0.0,0.0,0.0
2026-06-19T07:00:00,20.0,90,cloudy,summer,0,weekday,commute,0.34,none,8.37,38.05,220.0,normal,none,none,none,1.0,0.0,0,0,0,none,0,0.0,none,0.0,,0.387,0.58,2.64,0.425,0.34,1.55,0.394,1.38,6.27,0.36,0.72,3.27,0.706,2.47,11.23,0.415,0.83,3.77,0.273,0.41,1.86,0.54,1.62,7.36,0.01,0.02,0.09
2026-06-19T08:00:00,22.0,80,cloudy,summer,0,weekday,commute,0.45,overtime,8.75,39.77,220.0,normal,none,none,none,1.0,0.0,0,0,0,none,0,0.0,none,0.0,,0.387,0.58,2.64,0.437,0.35,1.59,0.394,1.38,6.27,0.46,0.92,4.18,0.649,2.27,10.32,0.515,1.03,4.68,0.307,0.46,2.09,0.56,1.68,7.64,0.04,0.08,0.36
2026-06-19T09:00:00,24.0,75,cloudy,summer,0,weekday,work_am,0.79,none,9.03,41.05,220.0,normal,none,none,none,1.0,0.0,0,0,0,none,0,0.0,none,0.0,,0.387,0.58,2.64,0.45,0.36,1.64,0.394,1.38,6.27,0.46,0.92,4.18,0.706,2.47,11.23,0.52,1.04,4.73,0.34,0.51,2.32,0.57,1.71,7.77,0.03,0.06,0.27
2026-06-19T10:00:00,26.0,75,cloudy,summer,0,weekday,work_am,0.92,overtime,8.39,38.14,220.0,normal,none,none,none,1.0,0.0,0,0,0,none,0,0.0,none,0.0,,0.373,0.56,2.55,0.425,0.34,1.55,0.386,1.35,6.14,0.365,0.73,3.32,0.651,2.28,10.36,0.52,1.04,4.73,0.253,0.38,1.73,0.54,1.62,7.36,0.045,0.09,0.41
2026-06-19T11:00:00,27.0,75,cloudy,summer,0,weekday,work_am,0.83,none,8.96,40.73,220.0,normal,none,none,none,1.0,0.0,0,0,0,none,0,0.0,none,0.0,,0.387,0.58,2.64,0.437,0.35,1.59,0.394,1.38,6.27,0.46,0.92,4.18,0.689,2.41,10.95,0.515,1.03,4.68,0.307,0.46,2.09,0.56,1.68,7.64,0.075,0.15,0.68
2026-06-19T12:00:00,28.0,70,cloudy,summer,0,weekday,lunch,0.55,construction,8.25,37.5,220.0,normal,none,none,none,1.0,0.0,0,0,0,none,0,0.0,none,0.0,,0.387,0.58,2.64,0.425,0.34,1.55,0.374,1.31,5.95,0.435,0.87,3.95,0.64,2.24,10.18,0.38,0.76,3.45,0.28,0.42,1.91,0.54,1.62,7.36,0.055,0.11,0.5
2026-06-19T13:00:00,28.0,75,shower,summer,0,weekday,work_pm,0.86,none,8.06,36.64,220.0,normal,none,none,none,1.0,0.0,0,0,0,none,0,0.0,none,0.0,,0.347,0.52,2.36,0.35,0.28,1.27,0.386,1.35,6.14,0.38,0.76,3.45,0.623,2.18,9.91,0.425,0.85,3.86,0.253,0.38,1.73,0.54,1.62,7.36,0.06,0.12,0.55
2026-06-19T14:00:00,29.0,70,shower,summer,0,weekday,work_pm,0.95,none,8.74,39.73,220.0,normal,none,none,none,1.0,0.0,0,0,0,none,0,0.0,none,0.0,,0.387,0.58,2.64,0.425,0.34,1.55,0.394,1.38,6.27,0.46,0.92,4.18,0.66,2.31,10.5,0.52,1.04,4.73,0.313,0.47,2.14,0.54,1.62,7.36,0.04,0.08,0.36
2026-06-19T15:00:00,28.0,75,cloudy,summer,0,weekday,work_pm,0.95,visitor,8.85,40.23,220.0,normal,none,none,none,1.0,0.0,0,0,0,none,0,0.0,none,0.0,,0.32,0.48,2.18,0.437,0.35,1.59,0.394,1.38,6.27,0.46,0.92,4.18,0.669,2.34,10.64,0.525,1.05,4.77,0.353,0.53,2.41,0.56,1.68,7.64,0.06,0.12,0.55
2026-06-19T16:00:00,27.0,85,cloudy,summer,0,weekday,work_pm,0.95,none,7.5,34.09,220.0,normal,none,none,none,1.0,0.0,0,0,0,none,0,0.0,none,0.0,,0.347,0.52,2.36,0.35,0.28,1.27,0.337,1.18,5.36,0.38,0.76,3.45,0.583,2.04,9.27,0.425,0.85,3.86,0.253,0.38,1.73,0.477,1.43,6.5,0.03,0.06,0.27
2026-06-19T17:00:00,26.0,85,cloudy,summer,0,weekday,work_pm,0.94,none,8.31,37.77,220.0,normal,none,none,none,1.0,0.0,0,0,0,none,0,0.0,none,0.0,,0.387,0.58,2.64,0.425,0.34,1.55,0.394,1.38,6.27,0.365,0.73,3.32,0.66,2.31,10.5,0.41,0.82,3.73,0.313,0.47,2.14,0.54,1.62,7.36,0.03,0.06,0.27
2026-06-19T18:00:00,24.0,90,cloudy,summer,0,weekday,evening,0.23,overtime,8.51,38.68,220.0,normal,none,none,none,1.0,0.0,0,0,0,none,0,0.0,none,0.0,,0.413,0.62,2.82,0.475,0.38,1.73,0.386,1.35,6.14,0.38,0.76,3.45,0.651,2.28,10.36,0.435,0.87,3.95,0.32,0.48,2.18,0.54,1.62,7.36,0.075,0.15,0.68
2026-06-19T19:00:00,23.0,95,cloudy,summer,0,weekday,evening,0.12,overtime,9.0,40.91,220.0,normal,none,none,none,1.0,0.0,0,0,0,none,0,0.0,none,0.0,,0.36,0.54,2.45,0.475,0.38,1.73,0.394,1.38,6.27,0.46,0.92,4.18,0.706,2.47,11.23,0.52,1.04,4.73,0.313,0.47,2.14,0.56,1.68,7.64,0.06,0.12,0.55
2026-06-19T20:00:00,22.0,95,cloudy,summer,0,weekday,evening,0.24,none,8.99,40.86,220.0,normal,none,none,none,1.0,0.0,0,0,0,none,0,0.0,none,0.0,,0.387,0.58,2.64,0.425,0.34,1.55,0.394,1.38,6.27,0.46,0.92,4.18,0.706,2.47,11.23,0.515,1.03,4.68,0.32,0.48,2.18,0.557,1.67,7.59,0.06,0.12,0.55
2026-06-19T21:00:00,22.0,95,cloudy,summer,0,weekday,evening,0.21,visitor,8.95,40.68,220.0,normal,none,none,none,1.0,0.0,0,0,0,none,0,0.0,none,0.0,,0.387,0.58,2.64,0.425,0.34,1.55,0.394,1.38,6.27,0.455,0.91,4.14,0.706,2.47,11.23,0.515,1.03,4.68,0.313,0.47,2.14,0.57,1.71,7.77,0.03,0.06,0.27
2026-06-19T22:00:00,22.0,95,cloudy,summer,0,weekday,night,0.01,none,7.98,36.27,220.0,normal,none,none,none,1.0,0.0,0,0,0,none,0,0.0,none,0.0,,0.347,0.52,2.36,0.35,0.28,1.27,0.337,1.18,5.36,0.38,0.76,3.45,0.671,2.35,10.68,0.42,0.84,3.82,0.253,0.38,1.73,0.54,1.62,7.36,0.025,0.05,0.23
2026-06-19T23:00:00,21.0,95,rainy,summer,0,weekday,night,0.0,none,6.89,31.32,220.0,normal,none,none,none,1.0,0.0,0,0,0,none,0,0.0,none,0.0,,0.253,0.38,1.73,0.325,0.26,1.18,0.309,1.08,4.91,0.36,0.72,3.27,0.554,1.94,8.82,0.405,0.81,3.68,0.233,0.35,1.59,0.44,1.32,6.0,0.015,0.03,0.14
2026-06-20T00:00:00,21.5,99,rainy,summer,0,weekend,night,0.0,none,0.86,3.91,220.0,normal,none,none,none,1.0,0.0,0,0,0,none,0,0.0,none,0.0,,0.08,0.12,0.55,0.1,0.08,0.36,0.043,0.15,0.68,0.03,0.06,0.27,0.051,0.18,0.82,0.045,0.09,0.41,0.073,0.11,0.5,0.023,0.07,0.32,0.0,0.0,0.0
2026-06-20T01:00:00,21.5,99,rainy,summer,0,weekend,night,0.02,none,1.4,6.36,220.0,normal,none,none,none,1.0,0.0,0,0,0,none,0,0.0,none,0.0,,0.053,0.08,0.36,0.15,0.12,0.55,0.054,0.19,0.86,0.12,0.24,1.09,0.089,0.31,1.41,0.075,0.15,0.68,0.06,0.09,0.41,0.073,0.22,1.0,0.0,0.0,0.0
2026-06-20T02:00:00,21.5,99,rainy,summer,0,weekend,night,0.02,none,1.29,5.86,220.0,normal,none,none,none,1.0,0.0,0,0,0,none,0,0.0,none,0.0,,0.08,0.12,0.55,0.1,0.08,0.36,0.051,0.18,0.82,0.075,0.15,0.68,0.089,0.31,1.41,0.07,0.14,0.64,0.06,0.09,0.41,0.073,0.22,1.0,0.0,0.0,0.0
2026-06-20T03:00:00,21.0,100,rainy,summer,0,weekend,night,0.05,none,6.05,27.5,220.0,normal,none,none,none,1.0,0.0,0,0,0,none,0,0.0,none,0.0,,0.253,0.38,1.73,0.275,0.22,1.0,0.271,0.95,4.32,0.305,0.61,2.77,0.494,1.73,7.86,0.355,0.71,3.23,0.207,0.31,1.41,0.373,1.12,5.09,0.01,0.02,0.09
2026-06-20T04:00:00,20.0,100,rainy,summer,0,weekend,night,0.03,none,6.09,27.68,220.0,normal,none,none,none,1.0,0.0,0,0,0,none,0,0.0,none,0.0,,0.253,0.38,1.73,0.262,0.21,0.95,0.277,0.97,4.41,0.28,0.56,2.55,0.526,1.84,8.36,0.365,0.73,3.32,0.187,0.28,1.27,0.373,1.12,5.09,0.0,0.0,0.0
2026-06-20T05:00:00,20.0,100,rainy,summer,0,weekend,night,0.03,none,7.37,33.5,220.0,normal,none,none,none,1.0,0.0,0,0,0,none,0,0.0,none,0.0,,0.28,0.42,1.91,0.35,0.28,1.27,0.329,1.15,5.23,0.38,0.76,3.45,0.594,2.08,9.45,0.425,0.85,3.86,0.253,0.38,1.73,0.473,1.42,6.45,0.015,0.03,0.14
2026-06-20T06:00:00,19.0,100,rainy,summer,0,weekend,night,0.04,none,7.91,35.95,220.0,normal,none,none,none,1.0,0.0,0,0,0,none,0,0.0,none,0.0,,0.347,0.52,2.36,0.35,0.28,1.27,0.394,1.38,6.27,0.355,0.71,3.23,0.557,1.95,8.86,0.435,0.87,3.95,0.287,0.43,1.95,0.54,1.62,7.36,0.075,0.15,0.68
2026-06-20T07:00:00,20.0,100,rainy,summer,0,weekend,commute,0.0,none,7.79,35.41,220.0,normal,none,none,none,1.0,0.0,0,0,0,none,0,0.0,none,0.0,,0.347,0.52,2.36,0.35,0.28,1.27,0.337,1.18,5.36,0.38,0.76,3.45,0.671,2.35,10.68,0.42,0.84,3.82,0.253,0.38,1.73,0.477,1.43,6.5,0.025,0.05,0.23
2026-06-20T08:00:00,21.0,100,rainy,summer,0,weekend,commute,0.04,none,8.22,37.36,220.0,normal,none,none,none,1.0,0.0,0,0,0,none,0,0.0,none,0.0,,0.32,0.48,2.18,0.437,0.35,1.59,0.394,1.38,6.27,0.36,0.72,3.27,0.64,2.24,10.18,0.425,0.85,3.86,0.347,0.52,2.36,0.54,1.62,7.36,0.03,0.06,0.27
2026-06-20T09:00:00,21.0,100,rainy,summer,0,weekend,work_am,0.01,none,8.74,39.73,220.0,normal,none,none,none,1.0,0.0,0,0,0,none,0,0.0,none,0.0,,0.387,0.58,2.64,0.425,0.34,1.55,0.394,1.38,6.27,0.46,0.92,4.18,0.66,2.31,10.5,0.52,1.04,4.73,0.313,0.47,2.14,0.54,1.62,7.36,0.04,0.08,0.36
2026-06-20T10:00:00,21.0,100,rainy,summer,0,weekend,work_am,0.04,none,7.61,34.59,220.0,normal,none,none,none,1.0,0.0,0,0,0,none,0,0.0,none,0.0,,0.32,0.48,2.18,0.4,0.32,1.45,0.337,1.18,5.36,0.38,0.76,3.45,0.594,2.08,9.45,0.435,0.87,3.95,0.253,0.38,1.73,0.507,1.52,6.91,0.01,0.02,0.09
2026-06-20T11:00:00,21.0,100,rainy,summer,0,weekend,work_am,0.04,none,8.18,37.18,220.0,normal,none,none,none,1.0,0.0,0,0,0,none,0,0.0,none,0.0,,0.32,0.48,2.18,0.437,0.35,1.59,0.394,1.38,6.27,0.36,0.72,3.27,0.64,2.24,10.18,0.425,0.85,3.86,0.28,0.42,1.91,0.543,1.63,7.41,0.055,0.11,0.5
2026-06-20T12:00:00,22.0,95,rainy,summer,0,weekend,lunch,0.02,none,8.12,36.91,220.0,normal,none,none,none,1.0,0.0,0,0,0,none,0,0.0,none,0.0,,0.32,0.48,2.18,0.425,0.34,1.55,0.394,1.38,6.27,0.365,0.73,3.32,0.649,2.27,10.32,0.41,0.82,3.73,0.273,0.41,1.86,0.543,1.63,7.41,0.03,0.06,0.27
2026-06-20T13:00:00,22.0,95,rainy,summer,0,weekend,work_pm,0.02,none,8.23,37.41,220.0,normal,none,none,none,1.0,0.0,0,0,0,none,0,0.0,none,0.0,,0.347,0.52,2.36,0.35,0.28,1.27,0.386,1.35,6.14,0.37,0.74,3.36,0.68,2.38,10.82,0.425,0.85,3.86,0.273,0.41,1.86,0.54,1.62,7.36,0.04,0.08,0.36
2026-06-20T14:00:00,22.0,95,rainy,summer,0,weekend,work_pm,0.05,none,8.19,37.23,220.0,normal,none,none,none,1.0,0.0,0,0,0,none,0,0.0,none,0.0,,0.347,0.52,2.36,0.35,0.28,1.27,0.394,1.38,6.27,0.36,0.72,3.27,0.669,2.34,10.64,0.43,0.86,3.91,0.273,0.41,1.86,0.54,1.62,7.36,0.03,0.06,0.27
2026-06-20T15:00:00,23.0,95,cloudy,summer,0,weekend,work_pm,0.02,none,8.14,37.0,220.0,normal,none,none,none,1.0,0.0,0,0,0,none,0,0.0,none,0.0,,0.32,0.48,2.18,0.425,0.34,1.55,0.394,1.38,6.27,0.36,0.72,3.27,0.649,2.27,10.32,0.425,0.85,3.86,0.273,0.41,1.86,0.543,1.63,7.41,0.03,0.06,0.27
2026-06-20T16:00:00,22.0,95,cloudy,summer,0,weekend,work_pm,0.04,none,8.24,37.45,220.0,normal,none,none,none,1.0,0.0,0,0,0,none,0,0.0,none,0.0,,0.32,0.48,2.18,0.437,0.35,1.59,0.394,1.38,6.27,0.36,0.72,3.27,0.669,2.34,10.64,0.41,0.82,3.73,0.273,0.41,1.86,0.56,1.68,7.64,0.03,0.06,0.27
2026-06-20T17:00:00,22.0,95,rainy,summer,0,weekend,work_pm,0.02,none,8.27,37.59,220.0,normal,none,none,none,1.0,0.0,0,0,0,none,0,0.0,none,0.0,,0.36,0.54,2.45,0.35,0.28,1.27,0.394,1.38,6.27,0.36,0.72,3.27,0.7,2.45,11.14,0.415,0.83,3.77,0.26,0.39,1.77,0.54,1.62,7.36,0.03,0.06,0.27
2026-06-20T18:00:00,21.0,95,cloudy,summer,0,weekend,evening,0.02,none,7.93,36.05,220.0,normal,none,none,none,1.0,0.0,0,0,0,none,0,0.0,none,0.0,,0.32,0.48,2.18,0.338,0.27,1.23,0.386,1.35,6.14,0.38,0.76,3.45,0.623,2.18,9.91,0.425,0.85,3.86,0.253,0.38,1.73,0.54,1.62,7.36,0.02,0.04,0.18
2026-06-20T19:00:00,20.0,95,cloudy,summer,0,weekend,evening,0.03,none,8.11,36.86,220.0,normal,none,none,none,1.0,0.0,0,0,0,none,0,0.0,none,0.0,,0.347,0.52,2.36,0.35,0.28,1.27,0.394,1.38,6.27,0.355,0.71,3.23,0.669,2.34,10.64,0.415,0.83,3.77,0.247,0.37,1.68,0.54,1.62,7.36,0.03,0.06,0.27
2026-06-20T20:00:00,20.0,95,partly_cloudy,summer,0,weekend,evening,0.02,none,8.33,37.86,220.0,normal,none,none,none,1.0,0.0,0,0,0,none,0,0.0,none,0.0,,0.413,0.62,2.82,0.35,0.28,1.27,0.386,1.35,6.14,0.355,0.71,3.23,0.706,2.47,11.23,0.42,0.84,3.82,0.22,0.33,1.5,0.56,1.68,7.64,0.025,0.05,0.23
2026-06-20T21:00:00,19.0,95,clear,summer,0,weekend,evening,0.01,none,8.0,36.36,220.0,normal,none,none,none,1.0,0.0,0,0,0,none,0,0.0,none,0.0,,0.347,0.52,2.36,0.35,0.28,1.27,0.337,1.18,5.36,0.38,0.76,3.45,0.669,2.34,10.64,0.435,0.87,3.95,0.253,0.38,1.73,0.54,1.62,7.36,0.025,0.05,0.23
2026-06-20T22:00:00,19.0,95,clear,summer,0,weekend,night,0.04,none,7.11,32.32,220.0,normal,none,none,none,1.0,0.0,0,0,0,none,0,0.0,none,0.0,,0.28,0.42,1.91,0.35,0.28,1.27,0.309,1.08,4.91,0.355,0.71,3.23,0.557,1.95,8.86,0.41,0.82,3.73,0.24,0.36,1.64,0.46,1.38,6.27,0.055,0.11,0.5
2026-06-20T23:00:00,19.0,95,clear,summer,0,weekend,night,0.02,none,6.92,31.45,220.0,normal,none,none,none,1.0,0.0,0,0,0,none,0,0.0,none,0.0,,0.253,0.38,1.73,0.312,0.25,1.14,0.309,1.08,4.91,0.36,0.72,3.27,0.557,1.95,8.86,0.41,0.82,3.73,0.207,0.31,1.41,0.46,1.38,6.27,0.015,0.03,0.14
2026-06-21T00:00:00,18.0,100,partly_cloudy,summer,1,weekend,night,0.05,none,1.26,5.73,220.0,normal,none,none,none,1.0,0.0,0,0,1,watch,1,630.29,CG,-35.8,40.0642°N / 132.3844°E,0.08,0.12,0.55,0.1,0.08,0.36,0.06,0.21,0.95,0.075,0.15,0.68,0.1,0.35,1.59,0.055,0.11,0.5,0.04,0.06,0.27,0.06,0.18,0.82,0.0,0.0,0.0
2026-06-21T01:00:00,18.0,100,partly_cloudy,summer,0,weekend,night,0.03,none,1.83,8.32,220.0,normal,none,none,none,1.0,0.0,0,0,0,none,0,0.0,none,0.0,,0.253,0.38,1.73,0.275,0.22,1.0,0.043,0.15,0.68,0.09,0.18,0.82,0.077,0.27,1.23,0.095,0.19,0.86,0.093,0.14,0.64,0.07,0.21,0.95,0.045,0.09,0.41
2026-06-21T02:00:00,18.0,100,cloudy,summer,0,weekend,night,0.04,none,6.37,28.95,220.0,normal,none,none,none,1.0,0.0,0,0,0,none,0,0.0,none,0.0,,0.253,0.38,1.73,0.275,0.22,1.0,0.271,0.95,4.32,0.305,0.61,2.77,0.534,1.87,8.5,0.365,0.73,3.32,0.207,0.31,1.41,0.427,1.28,5.82,0.01,0.02,0.09
2026-06-21T03:00:00,17.0,100,cloudy,summer,0,weekend,night,0.02,none,7.28,33.09,220.0,normal,none,none,none,1.0,0.0,0,0,0,none,0,0.0,none,0.0,,0.28,0.42,1.91,0.35,0.28,1.27,0.329,1.15,5.23,0.38,0.76,3.45,0.583,2.04,9.27,0.425,0.85,3.86,0.233,0.35,1.59,0.46,1.38,6.27,0.025,0.05,0.23
2026-06-21T04:00:00,17.0,100,partly_cloudy,summer,0,weekend,night,0.04,none,7.43,33.77,220.0,normal,none,none,none,1.0,0.0,0,0,0,none,0,0.0,none,0.0,,0.32,0.48,2.18,0.387,0.31,1.41,0.326,1.14,5.18,0.38,0.76,3.45,0.586,2.05,9.32,0.435,0.87,3.95,0.253,0.38,1.73,0.473,1.42,6.45,0.01,0.02,0.09
2026-06-21T05:00:00,16.0,100,clear,summer,0,weekend,night,0.04,none,8.03,36.5,220.0,normal,none,none,none,1.0,0.0,0,0,0,none,0,0.0,none,0.0,,0.32,0.48,2.18,0.338,0.27,1.23,0.394,1.38,6.27,0.355,0.71,3.23,0.669,2.34,10.64,0.41,0.82,3.73,0.233,0.35,1.59,0.54,1.62,7.36,0.03,0.06,0.27
2026-06-21T06:00:00,16.0,95,clear,summer,0,weekend,night,0.03,none,7.92,36.0,220.0,normal,none,none,none,1.0,0.0,0,0,0,none,0,0.0,none,0.0,,0.28,0.42,1.91,0.35,0.28,1.27,0.329,1.15,5.23,0.38,0.76,3.45,0.669,2.34,10.64,0.425,0.85,3.86,0.253,0.38,1.73,0.54,1.62,7.36,0.06,0.12,0.55
2026-06-21T07:00:00,17.0,90,clear,summer,0,weekend,commute,0.0,none,8.92,40.55,220.0,normal,none,none,none,1.0,0.0,0,0,0,none,0,0.0,none,0.0,,0.387,0.58,2.64,0.425,0.34,1.55,0.394,1.38,6.27,0.46,0.92,4.18,0.706,2.47,11.23,0.515,1.03,4.68,0.313,0.47,2.14,0.56,1.68,7.64,0.025,0.05,0.23
2026-06-21T08:00:00,18.0,85,clear,summer,0,weekend,commute,0.04,none,9.0,40.91,220.0,normal,none,none,none,1.0,0.0,0,0,0,none,0,0.0,none,0.0,,0.387,0.58,2.64,0.437,0.35,1.59,0.394,1.38,6.27,0.46,0.92,4.18,0.706,2.47,11.23,0.52,1.04,4.73,0.307,0.46,2.09,0.56,1.68,7.64,0.06,0.12,0.55
2026-06-21T09:00:00,20.0,80,clear,summer,0,weekend,work_am,0.03,none,8.44,38.36,220.0,normal,none,none,none,1.0,0.0,0,0,0,none,0,0.0,none,0.0,,0.387,0.58,2.64,0.425,0.34,1.55,0.394,1.38,6.27,0.36,0.72,3.27,0.706,2.47,11.23,0.425,0.85,3.86,0.273,0.41,1.86,0.543,1.63,7.41,0.03,0.06,0.27
2026-06-21T10:00:00,21.0,75,clear,summer,0,weekend,work_am,0.04,none,8.97,40.77,220.0,normal,none,none,none,1.0,0.0,0,0,0,none,0,0.0,none,0.0,,0.387,0.58,2.64,0.425,0.34,1.55,0.394,1.38,6.27,0.46,0.92,4.18,0.706,2.47,11.23,0.515,1.03,4.68,0.307,0.46,2.09,0.557,1.67,7.59,0.06,0.12,0.55
2026-06-21T11:00:00,23.0,70,clear,summer,0,weekend,work_am,0.02,none,8.0,36.36,220.0,normal,none,none,none,1.0,0.0,0,0,0,none,0,0.0,none,0.0,,0.36,0.54,2.45,0.35,0.28,1.27,0.386,1.35,6.14,0.38,0.76,3.45,0.623,2.18,9.91,0.41,0.82,3.73,0.26,0.39,1.77,0.54,1.62,7.36,0.03,0.06,0.27
2026-06-21T12:00:00,24.0,65,clear,summer,0,weekend,lunch,0.02,none,7.87,35.77,220.0,normal,none,none,none,1.0,0.0,0,0,0,none,0,0.0,none,0.0,,0.347,0.52,2.36,0.35,0.28,1.27,0.337,1.18,5.36,0.38,0.76,3.45,0.64,2.24,10.18,0.425,0.85,3.86,0.253,0.38,1.73,0.54,1.62,7.36,0.02,0.04,0.18
2026-06-21T13:00:00,25.0,65,clear,summer,0,weekend,work_pm,0.02,none,8.26,37.55,220.0,normal,none,none,none,1.0,0.0,0,0,0,none,0,0.0,none,0.0,,0.387,0.58,2.64,0.425,0.34,1.55,0.394,1.38,6.27,0.36,0.72,3.27,0.649,2.27,10.32,0.405,0.81,3.68,0.313,0.47,2.14,0.543,1.63,7.41,0.03,0.06,0.27
2026-06-21T14:00:00,25.0,65,clear,summer,0,weekend,work_pm,0.02,none,8.47,38.5,220.0,normal,none,none,none,1.0,0.0,0,0,0,none,0,0.0,none,0.0,,0.387,0.58,2.64,0.425,0.34,1.55,0.394,1.38,6.27,0.36,0.72,3.27,0.706,2.47,11.23,0.405,0.81,3.68,0.287,0.43,1.95,0.54,1.62,7.36,0.06,0.12,0.55
2026-06-21T15:00:00,25.0,65,clear,summer,0,weekend,work_pm,0.04,none,8.4,38.18,220.0,normal,none,none,none,1.0,0.0,0,0,0,none,0,0.0,none,0.0,,0.387,0.58,2.64,0.425,0.34,1.55,0.394,1.38,6.27,0.36,0.72,3.27,0.706,2.47,11.23,0.415,0.83,3.77,0.273,0.41,1.86,0.54,1.62,7.36,0.025,0.05,0.23
2026-06-21T16:00:00,25.0,70,partly_cloudy,summer,0,weekend,work_pm,0.05,none,8.2,37.27,220.0,normal,none,none,none,1.0,0.0,0,0,0,none,0,0.0,none,0.0,,0.387,0.58,2.64,0.425,0.34,1.55,0.394,1.38,6.27,0.36,0.72,3.27,0.649,2.27,10.32,0.415,0.83,3.77,0.273,0.41,1.86,0.54,1.62,7.36,0.025,0.05,0.23
2026-06-21T17:00:00,24.0,70,partly_cloudy,summer,0,weekend,work_pm,0.04,none,8.43,38.32,220.0,normal,none,none,none,1.0,0.0,0,0,0,none,0,0.0,none,0.0,,0.387,0.58,2.64,0.425,0.34,1.55,0.394,1.38,6.27,0.36,0.72,3.27,0.706,2.47,11.23,0.415,0.83,3.77,0.273,0.41,1.86,0.54,1.62,7.36,0.04,0.08,0.36
2026-06-21T18:00:00,22.0,75,partly_cloudy,summer,0,weekend,evening,0.0,none,7.58,34.45,220.0,normal,none,none,none,1.0,0.0,0,0,0,none,0,0.0,none,0.0,,0.347,0.52,2.36,0.387,0.31,1.41,0.337,1.18,5.36,0.38,0.76,3.45,0.594,2.08,9.45,0.435,0.87,3.95,0.253,0.38,1.73,0.473,1.42,6.45,0.03,0.06,0.27
2026-06-21T19:00:00,21.0,80,partly_cloudy,summer,0,weekend,evening,0.04,none,7.75,35.23,220.0,normal,none,none,none,1.0,0.0,0,0,0,none,0,0.0,none,0.0,,0.347,0.52,2.36,0.35,0.28,1.27,0.329,1.15,5.23,0.38,0.76,3.45,0.669,2.34,10.64,0.435,0.87,3.95,0.26,0.39,1.77,0.473,1.42,6.45,0.01,0.02,0.09
2026-06-21T20:00:00,20.0,85,cloudy,summer,0,weekend,evening,0.01,none,8.65,39.32,220.0,normal,none,none,none,1.0,0.0,0,0,0,none,0,0.0,none,0.0,,0.387,0.58,2.64,0.425,0.34,1.55,0.394,1.38,6.27,0.46,0.92,4.18,0.706,2.47,11.23,0.38,0.76,3.45,0.28,0.42,1.91,0.543,1.63,7.41,0.075,0.15,0.68
2026-06-21T21:00:00,19.0,85,cloudy,summer,0,weekend,evening,0.03,none,7.87,35.77,220.0,normal,none,none,none,1.0,0.0,0,0,0,none,0,0.0,none,0.0,,0.32,0.48,2.18,0.387,0.31,1.41,0.337,1.18,5.36,0.38,0.76,3.45,0.64,2.24,10.18,0.435,0.87,3.95,0.253,0.38,1.73,0.543,1.63,7.41,0.01,0.02,0.09
2026-06-21T22:00:00,18.0,90,cloudy,summer,0,weekend,night,0.04,none,7.06,32.09,220.0,normal,none,none,none,1.0,0.0,0,0,0,none,0,0.0,none,0.0,,0.32,0.48,2.18,0.338,0.27,1.23,0.309,1.08,4.91,0.355,0.71,3.23,0.554,1.94,8.82,0.41,0.82,3.73,0.233,0.35,1.59,0.46,1.38,6.27,0.015,0.03,0.14
2026-06-21T23:00:00,18.0,90,cloudy,summer,0,weekend,night,0.0,none,7.02,31.91,220.0,normal,none,none,none,1.0,0.0,0,0,0,none,0,0.0,none,0.0,,0.28,0.42,1.91,0.35,0.28,1.27,0.309,1.08,4.91,0.365,0.73,3.32,0.557,1.95,8.86,0.41,0.82,3.73,0.24,0.36,1.64,0.46,1.38,6.27,0.0,0.0,0.0
2026-06-22T00:00:00,18.0,90,cloudy,summer,0,weekday,night,0.0,none,0.86,3.91,220.0,normal,none,none,none,1.0,0.0,0,0,0,none,0,0.0,none,0.0,,0.08,0.12,0.55,0.1,0.08,0.36,0.043,0.15,0.68,0.045,0.09,0.41,0.051,0.18,0.82,0.03,0.06,0.27,0.073,0.11,0.5,0.023,0.07,0.32,0.0,0.0,0.0
2026-06-22T01:00:00,18.0,90,cloudy,summer,0,weekday,night,0.0,none,1.05,4.77,220.0,normal,none,none,none,1.0,0.0,0,0,0,none,0,0.0,none,0.0,,0.053,0.08,0.36,0.15,0.12,0.55,0.043,0.15,0.68,0.09,0.18,0.82,0.063,0.22,1.0,0.055,0.11,0.5,0.04,0.06,0.27,0.043,0.13,0.59,0.0,0.0,0.0
2026-06-22T02:00:00,18.0,90,cloudy,summer,0,weekday,night,0.03,none,1.19,5.41,220.0,normal,none,none,none,1.0,0.0,0,0,0,none,0,0.0,none,0.0,,0.053,0.08,0.36,0.15,0.12,0.55,0.051,0.18,0.82,0.07,0.14,0.64,0.069,0.24,1.09,0.075,0.15,0.68,0.06,0.09,0.41,0.063,0.19,0.86,0.0,0.0,0.0
2026-06-22T03:00:00,17.0,90,cloudy,summer,0,weekday,night,0.01,none,1.27,5.77,220.0,normal,none,none,none,1.0,0.0,0,0,0,none,0,0.0,none,0.0,,0.053,0.08,0.36,0.15,0.12,0.55,0.054,0.19,0.86,0.075,0.15,0.68,0.077,0.27,1.23,0.07,0.14,0.64,0.04,0.06,0.27,0.073,0.22,1.0,0.02,0.04,0.18
2026-06-22T04:00:00,17.0,90,cloudy,summer,0,weekday,night,0.0,none,1.54,7.0,220.0,normal,none,none,none,1.0,0.0,0,0,0,none,0,0.0,none,0.0,,0.12,0.18,0.82,0.15,0.12,0.55,0.08,0.28,1.27,0.075,0.15,0.68,0.063,0.22,1.0,0.07,0.14,0.64,0.06,0.09,0.41,0.103,0.31,1.41,0.025,0.05,0.23
2026-06-22T05:00:00,17.0,90,cloudy,summer,0,weekday,night,0.07,none,6.08,27.64,220.0,normal,none,none,none,1.0,0.0,0,0,0,none,0,0.0,none,0.0,,0.253,0.38,1.73,0.275,0.22,1.0,0.271,0.95,4.32,0.305,0.61,2.77,0.48,1.68,7.64,0.37,0.74,3.36,0.207,0.31,1.41,0.397,1.19,5.41,0.0,0.0,0.0
2026-06-22T06:00:00,17.0,90,cloudy,summer,0,weekday,night,0.07,none,7.83,35.59,220.0,normal,none,none,none,1.0,0.0,0,0,0,none,0,0.0,none,0.0,,0.347,0.52,2.36,0.35,0.28,1.27,0.337,1.18,5.36,0.38,0.76,3.45,0.669,2.34,10.64,0.425,0.85,3.86,0.273,0.41,1.86,0.477,1.43,6.5,0.03,0.06,0.27
2026-06-22T07:00:00,18.0,90,cloudy,summer,0,weekday,commute,0.44,none,8.68,39.45,220.0,normal,none,none,none,1.0,0.0,0,0,0,none,0,0.0,none,0.0,,0.387,0.58,2.64,0.425,0.34,1.55,0.394,1.38,6.27,0.46,0.92,4.18,0.706,2.47,11.23,0.38,0.76,3.45,0.287,0.43,1.95,0.56,1.68,7.64,0.06,0.12,0.55
2026-06-22T08:00:00,19.0,90,cloudy,summer,0,weekday,commute,0.43,construction,9.01,40.95,220.0,normal,none,none,none,1.0,0.0,0,0,0,none,0,0.0,none,0.0,,0.387,0.58,2.64,0.425,0.34,1.55,0.394,1.38,6.27,0.46,0.92,4.18,0.706,2.47,11.23,0.515,1.03,4.68,0.34,0.51,2.32,0.573,1.72,7.82,0.03,0.06,0.27
2026-06-22T09:00:00,21.0,85,cloudy,summer,0,weekday,work_am,0.81,meeting,8.82,40.09,220.0,normal,none,none,none,1.0,0.0,0,0,0,none,0,0.0,none,0.0,,0.387,0.58,2.64,0.437,0.35,1.59,0.394,1.38,6.27,0.46,0.92,4.18,0.669,2.34,10.64,0.52,1.04,4.73,0.313,0.47,2.14,0.56,1.68,7.64,0.03,0.06,0.27
2026-06-22T10:00:00,22.0,85,cloudy,summer,0,weekday,work_am,0.91,meeting,8.51,38.68,220.0,normal,none,none,none,1.0,0.0,0,0,0,none,0,0.0,none,0.0,,0.387,0.58,2.64,0.425,0.34,1.55,0.394,1.38,6.27,0.36,0.72,3.27,0.706,2.47,11.23,0.425,0.85,3.86,0.287,0.43,1.95,0.54,1.62,7.36,0.06,0.12,0.55
2026-06-22T11:00:00,23.0,80,cloudy,summer,0,weekday,work_am,0.81,none,8.78,39.91,220.0,normal,none,none,none,1.0,0.0,0,0,0,none,0,0.0,none,0.0,,0.387,0.58,2.64,0.45,0.36,1.64,0.383,1.34,6.09,0.46,0.92,4.18,0.651,2.28,10.36,0.515,1.03,4.68,0.313,0.47,2.14,0.56,1.68,7.64,0.06,0.12,0.55
2026-06-22T12:00:00,23.0,85,cloudy,summer,0,weekday,lunch,0.56,none,8.94,40.64,220.0,normal,none,none,none,1.0,0.0,0,0,0,none,0,0.0,none,0.0,,0.387,0.58,2.64,0.425,0.34,1.55,0.394,1.38,6.27,0.46,0.92,4.18,0.706,2.47,11.23,0.52,1.04,4.73,0.307,0.46,2.09,0.56,1.68,7.64,0.035,0.07,0.32
2026-06-22T13:00:00,23.0,85,cloudy,summer,0,weekday,work_pm,0.82,none,8.17,37.14,220.0,normal,none,none,none,1.0,0.0,0,0,0,none,0,0.0,none,0.0,,0.387,0.58,2.64,0.437,0.35,1.59,0.374,1.31,5.95,0.37,0.74,3.36,0.649,2.27,10.32,0.405,0.81,3.68,0.287,0.43,1.95,0.54,1.62,7.36,0.03,0.06,0.27
2026-06-22T14:00:00,23.0,85,cloudy,summer,0,weekday,work_pm,0.88,none,8.18,37.18,220.0,normal,none,none,none,1.0,0.0,0,0,0,none,0,0.0,none,0.0,,0.373,0.56,2.55,0.35,0.28,1.27,0.394,1.38,6.27,0.36,0.72,3.27,0.626,2.19,9.95,0.425,0.85,3.86,0.273,0.41,1.86,0.547,1.64,7.45,0.075,0.15,0.68
2026-06-22T15:00:00,23.0,85,cloudy,summer,0,weekday,work_pm,0.9,visitor,8.82,40.09,220.0,normal,none,none,none,1.0,0.0,0,0,0,none,0,0.0,none,0.0,,0.38,0.57,2.59,0.425,0.34,1.55,0.394,1.38,6.27,0.46,0.92,4.18,0.671,2.35,10.68,0.52,1.04,4.73,0.307,0.46,2.09,0.56,1.68,7.64,0.04,0.08,0.36
2026-06-22T16:00:00,22.0,85,partly_cloudy,summer,0,weekday,work_pm,0.92,none,8.58,39.0,220.0,normal,none,none,none,1.0,0.0,0,0,0,none,0,0.0,none,0.0,,0.387,0.58,2.64,0.425,0.34,1.55,0.394,1.38,6.27,0.36,0.72,3.27,0.66,2.31,10.5,0.52,1.04,4.73,0.313,0.47,2.14,0.54,1.62,7.36,0.06,0.12,0.55
2026-06-22T17:00:00,22.0,85,clear,summer,0,weekday,work_pm,0.91,none,7.95,36.14,220.0,normal,none,none,none,1.0,0.0,0,0,0,none,0,0.0,none,0.0,,0.347,0.52,2.36,0.35,0.28,1.27,0.386,1.35,6.14,0.37,0.74,3.36,0.623,2.18,9.91,0.43,0.86,3.91,0.26,0.39,1.77,0.527,1.58,7.18,0.025,0.05,0.23
2026-06-22T18:00:00,21.0,85,clear,summer,0,weekday,evening,0.2,none,8.35,37.95,220.0,normal,none,none,none,1.0,0.0,0,0,0,none,0,0.0,none,0.0,,0.387,0.58,2.64,0.425,0.34,1.55,0.394,1.38,6.27,0.36,0.72,3.27,0.649,2.27,10.32,0.415,0.83,3.77,0.307,0.46,2.09,0.54,1.62,7.36,0.075,0.15,0.68
2026-06-22T19:00:00,20.0,90,clear,summer,0,weekday,evening,0.2,none,8.22,37.36,220.0,normal,none,none,none,1.0,0.0,0,0,0,none,0,0.0,none,0.0,,0.347,0.52,2.36,0.35,0.28,1.27,0.386,1.35,6.14,0.355,0.71,3.23,0.68,2.38,10.82,0.435,0.87,3.95,0.287,0.43,1.95,0.54,1.62,7.36,0.03,0.06,0.27
2026-06-22T20:00:00,19.0,95,clear,summer,0,weekday,evening,0.23,none,8.87,40.32,220.0,normal,none,none,none,1.0,0.0,0,0,0,none,0,0.0,none,0.0,,0.387,0.58,2.64,0.425,0.34,1.55,0.394,1.38,6.27,0.455,0.91,4.14,0.706,2.47,11.23,0.51,1.02,4.64,0.247,0.37,1.68,0.56,1.68,7.64,0.06,0.12,0.55
2026-06-22T21:00:00,19.0,100,clear,summer,0,weekday,evening,0.13,construction,8.44,38.36,220.0,normal,none,none,none,1.0,0.0,0,0,0,none,0,0.0,none,0.0,,0.347,0.52,2.36,0.35,0.28,1.27,0.394,1.38,6.27,0.355,0.71,3.23,0.669,2.34,10.64,0.535,1.07,4.86,0.253,0.38,1.73,0.537,1.61,7.32,0.075,0.15,0.68
2026-06-22T22:00:00,19.0,100,cloudy,summer,0,weekday,night,0.05,none,7.69,34.95,220.0,normal,none,none,none,1.0,0.0,0,0,0,none,0,0.0,none,0.0,,0.32,0.48,2.18,0.387,0.31,1.41,0.329,1.15,5.23,0.38,0.76,3.45,0.591,2.07,9.41,0.47,0.94,4.27,0.247,0.37,1.68,0.477,1.43,6.5,0.09,0.18,0.82
2026-06-22T23:00:00,19.0,100,partly_cloudy,summer,0,weekday,night,0.06,none,7.1,32.27,220.0,normal,none,none,none,1.0,0.0,0,0,0,none,0,0.0,none,0.0,,0.28,0.42,1.91,0.35,0.28,1.27,0.309,1.08,4.91,0.38,0.76,3.45,0.557,1.95,8.86,0.425,0.85,3.86,0.24,0.36,1.64,0.46,1.38,6.27,0.01,0.02,0.09
2026-06-23T00:00:00,18.5,99,clear,summer,0,weekday,night,0.0,none,0.65,2.95,220.0,normal,none,none,none,1.0,0.0,0,0,0,none,0,0.0,none,0.0,,0.053,0.08,0.36,0.15,0.12,0.55,0.014,0.05,0.23,0.045,0.09,0.41,0.031,0.11,0.5,0.03,0.06,0.27,0.047,0.07,0.32,0.013,0.04,0.18,0.015,0.03,0.14
2026-06-23T01:00:00,18.5,99,clear,summer,0,weekday,night,0.0,none,0.81,3.68,220.0,normal,none,none,none,1.0,0.0,0,0,0,none,0,0.0,none,0.0,,0.053,0.08,0.36,0.15,0.12,0.55,0.043,0.15,0.68,0.045,0.09,0.41,0.031,0.11,0.5,0.035,0.07,0.32,0.04,0.06,0.27,0.043,0.13,0.59,0.0,0.0,0.0
2026-06-23T02:00:00,18.5,99,clear,summer,0,weekday,night,0.05,none,0.95,4.32,220.0,normal,none,none,none,1.0,0.0,0,0,0,none,0,0.0,none,0.0,,0.08,0.12,0.55,0.1,0.08,0.36,0.04,0.14,0.64,0.045,0.09,0.41,0.051,0.18,0.82,0.055,0.11,0.5,0.04,0.06,0.27,0.05,0.15,0.68,0.01,0.02,0.09
2026-06-23T03:00:00,17.0,100,cloudy,summer,0,weekday,night,0.0,none,1.08,4.91,220.0,normal,none,none,none,1.0,0.0,0,0,0,none,0,0.0,none,0.0,,0.053,0.08,0.36,0.15,0.12,0.55,0.054,0.19,0.86,0.07,0.14,0.64,0.066,0.23,1.05,0.055,0.11,0.5,0.04,0.06,0.27,0.05,0.15,0.68,0.0,0.0,0.0
2026-06-23T04:00:00,17.0,100,cloudy,summer,0,weekday,night,0.0,none,1.23,5.59,220.0,normal,none,none,none,1.0,0.0,0,0,0,none,0,0.0,none,0.0,,0.08,0.12,0.55,0.1,0.08,0.36,0.051,0.18,0.82,0.07,0.14,0.64,0.089,0.31,1.41,0.055,0.11,0.5,0.033,0.05,0.23,0.073,0.22,1.0,0.01,0.02,0.09
2026-06-23T05:00:00,16.0,100,partly_cloudy,summer,0,weekday,night,0.01,none,1.4,6.36,220.0,normal,none,none,none,1.0,0.0,0,0,0,none,0,0.0,none,0.0,,0.053,0.08,0.36,0.15,0.12,0.55,0.069,0.24,1.09,0.095,0.19,0.86,0.089,0.31,1.41,0.075,0.15,0.68,0.06,0.09,0.41,0.073,0.22,1.0,0.0,0.0,0.0
2026-06-23T06:00:00,16.0,100,cloudy,summer,0,weekday,night,0.0,none,1.78,8.09,220.0,normal,none,none,none,1.0,0.0,0,0,0,none,0,0.0,none,0.0,,0.08,0.12,0.55,0.225,0.18,0.82,0.069,0.24,1.09,0.155,0.31,1.41,0.08,0.28,1.27,0.095,0.19,0.86,0.1,0.15,0.68,0.03,0.09,0.41,0.11,0.22,1.0
2026-06-23T07:00:00,17.0,95,clear,summer,0,weekday,commute,0.37,overtime,8.3,37.73,220.0,normal,none,none,none,1.0,0.0,0,0,0,none,0,0.0,none,0.0,,0.387,0.58,2.64,0.425,0.34,1.55,0.394,1.38,6.27,0.36,0.72,3.27,0.66,2.31,10.5,0.415,0.83,3.77,0.313,0.47,2.14,0.54,1.62,7.36,0.025,0.05,0.23
2026-06-23T08:00:00,19.0,90,clear,summer,0,weekday,commute,0.34,none,8.29,37.68,220.0,normal,none,none,none,1.0,0.0,0,0,0,none,0,0.0,none,0.0,,0.387,0.58,2.64,0.425,0.34,1.55,0.394,1.38,6.27,0.36,0.72,3.27,0.649,2.27,10.32,0.425,0.85,3.86,0.307,0.46,2.09,0.537,1.61,7.32,0.04,0.08,0.36
2026-06-23T09:00:00,20.0,85,clear,summer,0,weekday,work_am,0.83,none,7.71,35.05,220.0,normal,none,none,none,1.0,0.0,0,0,0,none,0,0.0,none,0.0,,0.347,0.52,2.36,0.387,0.31,1.41,0.337,1.18,5.36,0.38,0.76,3.45,0.594,2.08,9.45,0.435,0.87,3.95,0.287,0.43,1.95,0.513,1.54,7.0,0.01,0.02,0.09
2026-06-23T10:00:00,21.0,75,clear,summer,0,weekday,work_am,0.91,overtime,8.47,38.5,220.0,normal,none,none,none,1.0,0.0,0,0,0,none,0,0.0,none,0.0,,0.387,0.58,2.64,0.437,0.35,1.59,0.394,1.38,6.27,0.46,0.92,4.18,0.66,2.31,10.5,0.39,0.78,3.55,0.313,0.47,2.14,0.54,1.62,7.36,0.03,0.06,0.27
2026-06-23T11:00:00,22.0,70,clear,summer,0,weekday,work_am,0.83,none,9.03,41.05,220.0,normal,none,none,none,1.0,0.0,0,0,0,none,0,0.0,none,0.0,,0.387,0.58,2.64,0.425,0.34,1.55,0.394,1.38,6.27,0.46,0.92,4.18,0.706,2.47,11.23,0.525,1.05,4.77,0.307,0.46,2.09,0.573,1.72,7.82,0.055,0.11,0.5
2026-06-23T12:00:00,23.0,65,clear,summer,0,weekday,lunch,0.57,none,8.93,40.59,220.0,normal,none,none,none,1.0,0.0,0,0,0,none,0,0.0,none,0.0,,0.387,0.58,2.64,0.425,0.34,1.55,0.394,1.38,6.27,0.46,0.92,4.18,0.706,2.47,11.23,0.515,1.03,4.68,0.32,0.48,2.18,0.56,1.68,7.64,0.025,0.05,0.23
2026-06-23T13:00:00,24.0,65,clear,summer,0,weekday,work_pm,0.93,none,8.06,36.64,220.0,normal,none,none,none,1.0,0.0,0,0,0,none,0,0.0,none,0.0,,0.36,0.54,2.45,0.35,0.28,1.27,0.337,1.18,5.36,0.38,0.76,3.45,0.669,2.34,10.64,0.435,0.87,3.95,0.273,0.41,1.86,0.543,1.63,7.41,0.025,0.05,0.23
2026-06-23T14:00:00,24.0,60,clear,summer,0,weekday,work_pm,0.85,none,8.74,39.73,220.0,normal,none,none,none,1.0,0.0,0,0,0,none,0,0.0,none,0.0,,0.387,0.58,2.64,0.437,0.35,1.59,0.394,1.38,6.27,0.46,0.92,4.18,0.66,2.31,10.5,0.52,1.04,4.73,0.313,0.47,2.14,0.543,1.63,7.41,0.03,0.06,0.27
2026-06-23T15:00:00,24.0,60,clear,summer,0,weekday,work_pm,0.92,none,8.46,38.45,220.0,normal,none,none,none,1.0,0.0,0,0,0,none,0,0.0,none,0.0,,0.387,0.58,2.64,0.437,0.35,1.59,0.394,1.38,6.27,0.46,0.92,4.18,0.669,2.34,10.64,0.385,0.77,3.5,0.273,0.41,1.86,0.543,1.63,7.41,0.04,0.08,0.36
2026-06-23T16:00:00,24.0,60,clear,summer,0,weekday,work_pm,0.94,none,8.27,37.59,220.0,normal,none,none,none,1.0,0.0,0,0,0,none,0,0.0,none,0.0,,0.387,0.58,2.64,0.437,0.35,1.59,0.394,1.38,6.27,0.36,0.72,3.27,0.626,2.19,9.95,0.42,0.84,3.82,0.307,0.46,2.09,0.543,1.63,7.41,0.06,0.12,0.55
2026-06-23T17:00:00,24.0,60,clear,summer,0,weekday,work_pm,0.98,none,8.0,36.36,220.0,normal,none,none,none,1.0,0.0,0,0,0,none,0,0.0,none,0.0,,0.36,0.54,2.45,0.35,0.28,1.27,0.386,1.35,6.14,0.38,0.76,3.45,0.623,2.18,9.91,0.41,0.82,3.73,0.26,0.39,1.77,0.54,1.62,7.36,0.03,0.06,0.27
2026-06-23T18:00:00,23.0,65,clear,summer,0,weekday,evening,0.15,none,7.72,35.09,220.0,normal,none,none,none,1.0,0.0,0,0,0,none,0,0.0,none,0.0,,0.36,0.54,2.45,0.35,0.28,1.27,0.386,1.35,6.14,0.36,0.72,3.27,0.623,2.18,9.91,0.425,0.85,3.86,0.253,0.38,1.73,0.473,1.42,6.45,0.0,0.0,0.0
2026-06-23T19:00:00,22.0,70,clear,summer,0,weekday,evening,0.17,none,7.77,35.32,220.0,normal,none,none,none,1.0,0.0,0,0,0,none,0,0.0,none,0.0,,0.347,0.52,2.36,0.35,0.28,1.27,0.329,1.15,5.23,0.38,0.76,3.45,0.669,2.34,10.64,0.435,0.87,3.95,0.253,0.38,1.73,0.473,1.42,6.45,0.025,0.05,0.23
2026-06-23T20:00:00,21.0,75,clear,summer,0,weekday,evening,0.16,none,8.4,38.18,220.0,normal,none,none,none,1.0,0.0,0,0,0,none,0,0.0,none,0.0,,0.387,0.58,2.64,0.425,0.34,1.55,0.394,1.38,6.27,0.36,0.72,3.27,0.7,2.45,11.14,0.415,0.83,3.77,0.273,0.41,1.86,0.54,1.62,7.36,0.035,0.07,0.32
2026-06-23T21:00:00,20.0,75,clear,summer,0,weekday,evening,0.18,none,8.33,37.86,220.0,normal,none,none,none,1.0,0.0,0,0,0,none,0,0.0,none,0.0,,0.347,0.52,2.36,0.35,0.28,1.27,0.329,1.15,5.23,0.37,0.74,3.36,0.58,2.03,9.23,0.43,0.86,3.91,0.253,0.38,1.73,0.473,1.42,6.45,0.475,0.95,4.32
2026-06-23T22:00:00,19.0,80,clear,summer,0,weekday,night,0.02,none,7.67,34.86,220.0,normal,none,none,none,1.0,0.0,0,0,0,none,0,0.0,none,0.0,,0.253,0.38,1.73,0.3,0.24,1.09,0.309,1.08,4.91,0.46,0.92,4.18,0.669,2.34,10.64,0.38,0.76,3.45,0.207,0.31,1.41,0.54,1.62,7.36,0.01,0.02,0.09
2026-06-23T23:00:00,19.0,80,clear,summer,0,weekday,night,0.0,none,7.06,32.09,220.0,normal,none,none,none,1.0,0.0,0,0,0,none,0,0.0,none,0.0,,0.28,0.42,1.91,0.35,0.28,1.27,0.309,1.08,4.91,0.355,0.71,3.23,0.557,1.95,8.86,0.415,0.83,3.77,0.24,0.36,1.64,0.46,1.38,6.27,0.025,0.05,0.23
2026-06-24T00:00:00,18.2,77,clear,summer,0,weekday,night,0.0,none,0.86,3.91,220.0,normal,none,none,none,1.0,0.0,0,0,0,none,0,0.0,none,0.0,,0.08,0.12,0.55,0.1,0.08,0.36,0.043,0.15,0.68,0.045,0.09,0.41,0.051,0.18,0.82,0.03,0.06,0.27,0.073,0.11,0.5,0.023,0.07,0.32,0.0,0.0,0.0
2026-06-24T01:00:00,18.2,77,clear,summer,0,weekday,night,0.0,none,0.92,4.18,220.0,normal,none,none,none,1.0,0.0,0,0,0,none,0,0.0,none,0.0,,0.053,0.08,0.36,0.15,0.12,0.55,0.043,0.15,0.68,0.045,0.09,0.41,0.051,0.18,0.82,0.055,0.11,0.5,0.04,0.06,0.27,0.043,0.13,0.59,0.0,0.0,0.0
2026-06-24T02:00:00,18.2,77,clear,summer,0,weekday,night,0.06,none,1.93,8.77,220.0,normal,none,none,none,1.0,0.0,0,0,0,none,0,0.0,none,0.0,,0.253,0.38,1.73,0.262,0.21,0.95,0.04,0.14,0.64,0.145,0.29,1.32,0.054,0.19,0.86,0.125,0.25,1.14,0.207,0.31,1.41,0.037,0.11,0.5,0.025,0.05,0.23
2026-06-24T03:00:00,18.2,77,clear,summer,0,weekday,night,0.06,none,6.84,31.09,220.0,normal,none,none,none,1.0,0.0,0,0,0,none,0,0.0,none,0.0,,0.253,0.38,1.73,0.275,0.22,1.0,0.309,1.08,4.91,0.355,0.71,3.23,0.54,1.89,8.59,0.415,0.83,3.77,0.233,0.35,1.59,0.44,1.32,6.0,0.03,0.06,0.27
2026-06-24T04:00:00,18.2,77,clear,summer,0,weekday,night,0.0,none,6.86,31.18,220.0,normal,none,none,none,1.0,0.0,0,0,0,none,0,0.0,none,0.0,,0.253,0.38,1.73,0.275,0.22,1.0,0.309,1.08,4.91,0.355,0.71,3.23,0.554,1.94,8.82,0.415,0.83,3.77,0.233,0.35,1.59,0.44,1.32,6.0,0.015,0.03,0.14
2026-06-24T05:00:00,18.2,77,clear,summer,0,weekday,night,0.0,none,7.84,35.64,220.0,normal,none,none,none,1.0,0.0,0,0,0,none,0,0.0,none,0.0,,0.28,0.42,1.91,0.35,0.28,1.27,0.386,1.35,6.14,0.38,0.76,3.45,0.623,2.18,9.91,0.425,0.85,3.86,0.253,0.38,1.73,0.54,1.62,7.36,0.0,0.0,0.0
2026-06-24T06:00:00,18.2,77,clear,summer,0,weekday,night,0.07,none,8.11,36.86,220.0,normal,none,none,none,1.0,0.0,0,0,0,none,0,0.0,none,0.0,,0.32,0.48,2.18,0.338,0.27,1.23,0.394,1.38,6.27,0.36,0.72,3.27,0.669,2.34,10.64,0.415,0.83,3.77,0.273,0.41,1.86,0.54,1.62,7.36,0.03,0.06,0.27
2026-06-24T07:00:00,18.2,77,clear,summer,0,weekday,commute,0.48,none,8.19,37.23,220.0,normal,none,none,none,1.0,0.0,0,0,0,none,0,0.0,none,0.0,,0.38,0.57,2.59,0.425,0.34,1.55,0.394,1.38,6.27,0.36,0.72,3.27,0.626,2.19,9.95,0.415,0.83,3.77,0.32,0.48,2.18,0.54,1.62,7.36,0.03,0.06,0.27
2026-06-24T08:00:00,18.2,77,clear,summer,0,weekday,commute,0.32,none,8.32,37.82,220.0,normal,none,none,none,1.0,0.0,0,0,0,none,0,0.0,none,0.0,,0.387,0.58,2.64,0.462,0.37,1.68,0.386,1.35,6.14,0.36,0.72,3.27,0.651,2.28,10.36,0.415,0.83,3.77,0.307,0.46,2.09,0.54,1.62,7.36,0.055,0.11,0.5
2026-06-24T09:00:00,18.2,77,clear,summer,0,weekday,work_am,0.91,construction,8.82,40.09,220.0,normal,none,none,none,1.0,0.0,0,0,0,none,0,0.0,none,0.0,,0.387,0.58,2.64,0.425,0.34,1.55,0.394,1.38,6.27,0.46,0.92,4.18,0.66,2.31,10.5,0.525,1.05,4.77,0.313,0.47,2.14,0.563,1.69,7.68,0.04,0.08,0.36
2026-06-24T10:00:00,18.2,77,clear,summer,0,weekday,work_am,0.78,none,8.36,38.0,220.0,normal,none,none,none,1.0,0.0,0,0,0,none,0,0.0,none,0.0,,0.387,0.58,2.64,0.425,0.34,1.55,0.394,1.38,6.27,0.36,0.72,3.27,0.649,2.27,10.32,0.425,0.85,3.86,0.287,0.43,1.95,0.56,1.68,7.64,0.055,0.11,0.5
2026-06-24T11:00:00,18.2,77,clear,summer,0,weekday,work_am,0.91,none,8.26,37.55,220.0,normal,none,none,none,1.0,0.0,0,0,0,none,0,0.0,none,0.0,,0.387,0.58,2.64,0.437,0.35,1.59,0.394,1.38,6.27,0.36,0.72,3.27,0.64,2.24,10.18,0.415,0.83,3.77,0.28,0.42,1.91,0.54,1.62,7.36,0.06,0.12,0.55
2026-06-24T12:00:00,18.2,77,clear,summer,0,weekday,lunch,0.54,none,8.44,38.36,220.0,normal,none,none,none,1.0,0.0,0,0,0,none,0,0.0,none,0.0,,0.387,0.58,2.64,0.425,0.34,1.55,0.394,1.38,6.27,0.435,0.87,3.95,0.66,2.31,10.5,0.38,0.76,3.45,0.287,0.43,1.95,0.54,1.62,7.36,0.075,0.15,0.68
2026-06-24T13:00:00,18.2,77,clear,summer,0,weekday,work_pm,0.97,none,8.57,38.95,220.0,normal,none,none,none,1.0,0.0,0,0,0,none,0,0.0,none,0.0,,0.387,0.58,2.64,0.425,0.34,1.55,0.394,1.38,6.27,0.36,0.72,3.27,0.66,2.31,10.5,0.515,1.03,4.68,0.307,0.46,2.09,0.557,1.67,7.59,0.04,0.08,0.36
2026-06-24T14:00:00,18.2,77,clear,summer,0,weekday,work_pm,0.84,none,8.47,38.5,220.0,normal,none,none,none,1.0,0.0,0,0,0,none,0,0.0,none,0.0,,0.387,0.58,2.64,0.425,0.34,1.55,0.394,1.38,6.27,0.36,0.72,3.27,0.706,2.47,11.23,0.425,0.85,3.86,0.287,0.43,1.95,0.54,1.62,7.36,0.04,0.08,0.36
2026-06-24T15:00:00,18.2,77,clear,summer,0,weekday,work_pm,0.88,none,8.94,40.64,220.0,normal,none,none,none,1.0,0.0,0,0,0,none,0,0.0,none,0.0,,0.387,0.58,2.64,0.425,0.34,1.55,0.394,1.38,6.27,0.46,0.92,4.18,0.706,2.47,11.23,0.515,1.03,4.68,0.32,0.48,2.18,0.54,1.62,7.36,0.06,0.12,0.55
2026-06-24T16:00:00,18.2,77,clear,summer,0,weekday,work_pm,0.85,none,8.74,39.73,220.0,normal,none,none,none,1.0,0.0,0,0,0,none,0,0.0,none,0.0,,0.387,0.58,2.64,0.425,0.34,1.55,0.394,1.38,6.27,0.46,0.92,4.18,0.66,2.31,10.5,0.52,1.04,4.73,0.313,0.47,2.14,0.54,1.62,7.36,0.04,0.08,0.36
2026-06-24T17:00:00,18.2,77,clear,summer,0,weekday,work_pm,0.87,overtime,9.02,41.0,220.0,normal,none,none,none,1.0,0.0,0,0,0,none,0,0.0,none,0.0,,0.387,0.58,2.64,0.425,0.34,1.55,0.394,1.38,6.27,0.46,0.92,4.18,0.706,2.47,11.23,0.515,1.03,4.68,0.32,0.48,2.18,0.57,1.71,7.77,0.055,0.11,0.5
2026-06-24T18:00:00,18.2,77,clear,summer,0,weekday,evening,0.18,overtime,8.01,36.41,220.0,normal,none,none,none,1.0,0.0,0,0,0,none,0,0.0,none,0.0,,0.36,0.54,2.45,0.35,0.28,1.27,0.386,1.35,6.14,0.36,0.72,3.27,0.623,2.18,9.91,0.43,0.86,3.91,0.273,0.41,1.86,0.54,1.62,7.36,0.025,0.05,0.23
2026-06-24T19:00:00,18.2,77,clear,summer,0,weekday,evening,0.17,overtime,8.92,40.55,220.0,normal,none,none,none,1.0,0.0,0,0,0,none,0,0.0,none,0.0,,0.387,0.58,2.64,0.425,0.34,1.55,0.394,1.38,6.27,0.46,0.92,4.18,0.706,2.47,11.23,0.515,1.03,4.68,0.307,0.46,2.09,0.54,1.62,7.36,0.06,0.12,0.55
2026-06-24T20:00:00,18.2,77,clear,summer,0,weekday,evening,0.26,overtime,9.01,40.95,220.0,normal,none,none,none,1.0,0.0,0,0,0,none,0,0.0,none,0.0,,0.387,0.58,2.64,0.437,0.35,1.59,0.394,1.38,6.27,0.46,0.92,4.18,0.706,2.47,11.23,0.515,1.03,4.68,0.32,0.48,2.18,0.56,1.68,7.64,0.06,0.12,0.55
2026-06-24T21:00:00,18.2,77,clear,summer,0,weekday,evening,0.13,visitor,9.0,40.91,220.0,normal,none,none,none,1.0,0.0,0,0,0,none,0,0.0,none,0.0,,0.387,0.58,2.64,0.425,0.34,1.55,0.394,1.38,6.27,0.46,0.92,4.18,0.706,2.47,11.23,0.52,1.04,4.73,0.32,0.48,2.18,0.56,1.68,7.64,0.055,0.11,0.5
2026-06-24T22:00:00,18.2,77,clear,summer,0,weekday,night,0.0,none,6.84,31.09,220.0,normal,none,none,none,1.0,0.0,0,0,0,none,0,0.0,none,0.0,,0.253,0.38,1.73,0.275,0.22,1.0,0.309,1.08,4.91,0.355,0.71,3.23,0.554,1.94,8.82,0.41,0.82,3.73,0.207,0.31,1.41,0.46,1.38,6.27,0.0,0.0,0.0
2026-06-24T23:00:00,18.2,77,clear,summer,0,weekday,night,0.0,none,7.79,35.41,220.0,normal,none,none,none,1.0,0.0,0,0,0,none,0,0.0,none,0.0,,0.28,0.42,1.91,0.35,0.28,1.27,0.329,1.15,5.23,0.38,0.76,3.45,0.68,2.38,10.82,0.425,0.85,3.86,0.22,0.33,1.5,0.54,1.62,7.36,0.0,0.0,0.0
2026-06-25T00:00:00,17.7,87,clear,summer,1,weekday,night,0.02,none,3.54,16.09,220.0,normal,none,none,none,1.0,0.0,0,0,1,watch,2,513.31,CC,27.8,39.0537°N / 121.7079°E,0.187,0.28,1.27,0.237,0.19,0.86,0.183,0.64,2.91,0.175,0.35,1.59,0.263,0.92,4.18,0.205,0.41,1.86,0.147,0.22,1.0,0.177,0.53,2.41,0.0,0.0,0.0
2026-06-25T01:00:00,17.7,87,clear,summer,0,weekday,night,0.0,none,6.0,27.27,220.0,normal,none,none,none,1.0,0.0,0,0,0,none,0,0.0,none,0.0,,0.253,0.38,1.73,0.262,0.21,0.95,0.271,0.95,4.32,0.31,0.62,2.82,0.48,1.68,7.64,0.355,0.71,3.23,0.193,0.29,1.32,0.373,1.12,5.09,0.02,0.04,0.18
2026-06-25T02:00:00,17.7,87,clear,summer,0,weekday,night,0.08,none,7.36,33.45,220.0,normal,none,none,none,1.0,0.0,0,0,0,none,0,0.0,none,0.0,,0.28,0.42,1.91,0.35,0.28,1.27,0.329,1.15,5.23,0.38,0.76,3.45,0.594,2.08,9.45,0.425,0.85,3.86,0.253,0.38,1.73,0.473,1.42,6.45,0.01,0.02,0.09
2026-06-25T03:00:00,17.0,90,clear,summer,0,weekday,night,0.0,none,7.03,31.95,220.0,normal,none,none,none,1.0,0.0,0,0,0,none,0,0.0,none,0.0,,0.28,0.42,1.91,0.35,0.28,1.27,0.309,1.08,4.91,0.365,0.73,3.32,0.557,1.95,8.86,0.41,0.82,3.73,0.247,0.37,1.68,0.46,1.38,6.27,0.0,0.0,0.0
2026-06-25T04:00:00,17.0,95,clear,summer,0,weekday,night,0.02,none,6.89,31.32,220.0,normal,none,none,none,1.0,0.0,0,0,0,none,0,0.0,none,0.0,,0.253,0.38,1.73,0.3,0.24,1.09,0.309,1.08,4.91,0.355,0.71,3.23,0.557,1.95,8.86,0.41,0.82,3.73,0.207,0.31,1.41,0.447,1.34,6.09,0.03,0.06,0.27
2026-06-25T05:00:00,16.0,95,clear,summer,0,weekday,night,0.02,none,7.72,35.09,220.0,normal,none,none,none,1.0,0.0,0,0,0,none,0,0.0,none,0.0,,0.28,0.42,1.91,0.35,0.28,1.27,0.337,1.18,5.36,0.38,0.76,3.45,0.669,2.34,10.64,0.425,0.85,3.86,0.26,0.39,1.77,0.473,1.42,6.45,0.04,0.08,0.36
2026-06-25T06:00:00,17.0,95,clear,summer,0,weekday,night,0.0,none,7.76,35.27,220.0,normal,none,none,none,1.0,0.0,0,0,0,none,0,0.0,none,0.0,,0.347,0.52,2.36,0.35,0.28,1.27,0.337,1.18,5.36,0.38,0.76,3.45,0.669,2.34,10.64,0.425,0.85,3.86,0.253,0.38,1.73,0.473,1.42,6.45,0.015,0.03,0.14
2026-06-25T07:00:00,17.0,90,partly_cloudy,summer,0,weekday,commute,0.4,none,8.06,36.64,220.0,normal,none,none,none,1.0,0.0,0,0,0,none,0,0.0,none,0.0,,0.387,0.58,2.64,0.425,0.34,1.55,0.394,1.38,6.27,0.36,0.72,3.27,0.649,2.27,10.32,0.415,0.83,3.77,0.313,0.47,2.14,0.473,1.42,6.45,0.025,0.05,0.23
2026-06-25T08:00:00,19.0,90,partly_cloudy,summer,0,weekday,commute,0.34,none,8.69,39.5,220.0,normal,none,none,none,1.0,0.0,0,0,0,none,0,0.0,none,0.0,,0.387,0.58,2.64,0.45,0.36,1.64,0.394,1.38,6.27,0.46,0.92,4.18,0.706,2.47,11.23,0.38,0.76,3.45,0.34,0.51,2.32,0.557,1.67,7.59,0.02,0.04,0.18
2026-06-25T09:00:00,20.0,85,partly_cloudy,summer,0,weekday,work_am,0.91,none,8.3,37.73,220.0,normal,none,none,none,1.0,0.0,0,0,0,none,0,0.0,none,0.0,,0.387,0.58,2.64,0.425,0.34,1.55,0.394,1.38,6.27,0.36,0.72,3.27,0.66,2.31,10.5,0.425,0.85,3.86,0.287,0.43,1.95,0.54,1.62,7.36,0.035,0.07,0.32
2026-06-25T10:00:00,22.0,80,partly_cloudy,summer,0,weekday,work_am,0.87,overtime,8.88,40.36,220.0,normal,none,none,none,1.0,0.0,0,0,0,none,0,0.0,none,0.0,,0.387,0.58,2.64,0.425,0.34,1.55,0.394,1.38,6.27,0.46,0.92,4.18,0.706,2.47,11.23,0.515,1.03,4.68,0.307,0.46,2.09,0.54,1.62,7.36,0.04,0.08,0.36
2026-06-25T11:00:00,23.0,75,partly_cloudy,summer,0,weekday,work_am,0.93,meeting,8.94,40.64,220.0,normal,none,none,none,1.0,0.0,0,0,0,none,0,0.0,none,0.0,,0.387,0.58,2.64,0.425,0.34,1.55,0.394,1.38,6.27,0.46,0.92,4.18,0.706,2.47,11.23,0.515,1.03,4.68,0.307,0.46,2.09,0.56,1.68,7.64,0.04,0.08,0.36
2026-06-25T12:00:00,24.0,75,partly_cloudy,summer,0,weekday,lunch,0.47,visitor,8.35,37.95,220.0,normal,none,none,none,1.0,0.0,0,0,0,none,0,0.0,none,0.0,,0.387,0.58,2.64,0.437,0.35,1.59,0.394,1.38,6.27,0.36,0.72,3.27,0.64,2.24,10.18,0.42,0.84,3.82,0.28,0.42,1.91,0.557,1.67,7.59,0.075,0.15,0.68
2026-06-25T13:00:00,24.0,75,clear,summer,0,weekday,work_pm,0.96,none,8.75,39.77,220.0,normal,none,none,none,1.0,0.0,0,0,0,none,0,0.0,none,0.0,,0.373,0.56,2.55,0.437,0.35,1.59,0.394,1.38,6.27,0.46,0.92,4.18,0.669,2.34,10.64,0.52,1.04,4.73,0.32,0.48,2.18,0.54,1.62,7.36,0.03,0.06,0.27
2026-06-25T14:00:00,24.0,80,partly_cloudy,summer,0,weekday,work_pm,0.96,none,8.8,40.0,220.0,normal,none,none,none,1.0,0.0,0,0,0,none,0,0.0,none,0.0,,0.387,0.58,2.64,0.437,0.35,1.59,0.394,1.38,6.27,0.46,0.92,4.18,0.669,2.34,10.64,0.535,1.07,4.86,0.32,0.48,2.18,0.54,1.62,7.36,0.03,0.06,0.27
2026-06-25T15:00:00,24.0,80,clear,summer,0,weekday,work_pm,0.87,none,8.31,37.77,220.0,normal,none,none,none,1.0,0.0,0,0,0,none,0,0.0,none,0.0,,0.387,0.58,2.64,0.425,0.34,1.55,0.374,1.31,5.95,0.435,0.87,3.95,0.651,2.28,10.36,0.38,0.76,3.45,0.287,0.43,1.95,0.54,1.62,7.36,0.06,0.12,0.55
2026-06-25T16:00:00,24.0,80,clear,summer,0,weekday,work_pm,0.97,construction,8.96,40.73,220.0,normal,none,none,none,1.0,0.0,0,0,0,none,0,0.0,none,0.0,,0.387,0.58,2.64,0.425,0.34,1.55,0.394,1.38,6.27,0.46,0.92,4.18,0.706,2.47,11.23,0.515,1.03,4.68,0.34,0.51,2.32,0.56,1.68,7.64,0.025,0.05,0.23
2026-06-25T17:00:00,23.0,80,clear,summer,0,weekday,work_pm,0.89,none,8.91,40.5,220.0,normal,none,none,none,1.0,0.0,0,0,0,none,0,0.0,none,0.0,,0.387,0.58,2.64,0.437,0.35,1.59,0.394,1.38,6.27,0.46,0.92,4.18,0.669,2.34,10.64,0.52,1.04,4.73,0.313,0.47,2.14,0.56,1.68,7.64,0.075,0.15,0.68
2026-06-25T18:00:00,22.0,80,shower,summer,0,weekday,evening,0.27,construction,8.2,37.27,220.0,normal,none,none,none,1.0,0.0,0,0,0,none,0,0.0,none,0.0,,0.36,0.54,2.45,0.35,0.28,1.27,0.394,1.38,6.27,0.36,0.72,3.27,0.669,2.34,10.64,0.425,0.85,3.86,0.273,0.41,1.86,0.54,1.62,7.36,0.03,0.06,0.27
2026-06-25T19:00:00,21.0,85,clear,summer,0,weekday,evening,0.19,none,8.21,37.32,220.0,normal,none,none,none,1.0,0.0,0,0,0,none,0,0.0,none,0.0,,0.387,0.58,2.64,0.338,0.27,1.23,0.394,1.38,6.27,0.36,0.72,3.27,0.669,2.34,10.64,0.425,0.85,3.86,0.273,0.41,1.86,0.543,1.63,7.41,0.015,0.03,0.14
2026-06-25T20:00:00,20.0,85,clear,summer,0,weekday,evening,0.17,none,8.2,37.27,220.0,normal,none,none,none,1.0,0.0,0,0,0,none,0,0.0,none,0.0,,0.347,0.52,2.36,0.35,0.28,1.27,0.383,1.34,6.09,0.355,0.71,3.23,0.68,2.38,10.82,0.425,0.85,3.86,0.247,0.37,1.68,0.543,1.63,7.41,0.06,0.12,0.55
2026-06-25T21:00:00,20.0,90,clear,summer,0,weekday,evening,0.18,overtime,9.03,41.05,220.0,normal,none,none,none,1.0,0.0,0,0,0,none,0,0.0,none,0.0,,0.387,0.58,2.64,0.425,0.34,1.55,0.394,1.38,6.27,0.46,0.92,4.18,0.706,2.47,11.23,0.515,1.03,4.68,0.34,0.51,2.32,0.573,1.72,7.82,0.04,0.08,0.36
2026-06-25T22:00:00,19.0,95,clear,summer,0,weekday,night,0.0,none,7.88,35.82,220.0,normal,none,none,none,1.0,0.0,0,0,0,none,0,0.0,none,0.0,,0.32,0.48,2.18,0.387,0.31,1.41,0.337,1.18,5.36,0.37,0.74,3.36,0.649,2.27,10.32,0.43,0.86,3.91,0.26,0.39,1.77,0.543,1.63,7.41,0.01,0.02,0.09
2026-06-25T23:00:00,18.0,95,cloudy,summer,0,weekday,night,0.03,none,7.68,34.91,220.0,normal,none,none,none,1.0,0.0,0,0,0,none,0,0.0,none,0.0,,0.28,0.42,1.91,0.35,0.28,1.27,0.337,1.18,5.36,0.38,0.76,3.45,0.669,2.34,10.64,0.425,0.85,3.86,0.247,0.37,1.68,0.477,1.43,6.5,0.025,0.05,0.23
2026-06-26T00:00:00,28.0,75,cloudy,summer,1,weekday,night,0.0,none,0.86,3.91,220.0,normal,none,none,none,1.0,0.0,0,0,1,watch,3,354.15,CG,45.9,38.8384°N / 129.5266°E,0.08,0.12,0.55,0.1,0.08,0.36,0.043,0.15,0.68,0.03,0.06,0.27,0.051,0.18,0.82,0.045,0.09,0.41,0.073,0.11,0.5,0.023,0.07,0.32,0.0,0.0,0.0
2026-06-26T01:00:00,28.0,75,cloudy,summer,1,weekday,night,0.05,none,0.96,4.36,220.0,normal,none,none,none,1.0,0.0,0,0,1,watch,1,644.35,CG,28.4,33.7012°N / 132.7994°E,0.053,0.08,0.36,0.15,0.12,0.55,0.04,0.14,0.64,0.045,0.09,0.41,0.054,0.19,0.86,0.055,0.11,0.5,0.04,0.06,0.27,0.05,0.15,0.68,0.01,0.02,0.09
2026-06-26T02:00:00,28.0,75,cloudy,summer,1,weekday,night,0.0,none,1.08,4.91,220.0,normal,none,none,none,1.0,0.0,0,0,1,watch,2,385.54,CG,26.5,38.6983°N / 130.1483°E,0.053,0.08,0.36,0.15,0.12,0.55,0.051,0.18,0.82,0.07,0.14,0.64,0.063,0.22,1.0,0.055,0.11,0.5,0.047,0.07,0.32,0.053,0.16,0.73,0.0,0.0,0.0
2026-06-26T03:00:00,28.0,75,cloudy,summer,0,weekday,night,0.07,none,1.14,5.18,220.0,normal,none,none,none,1.0,0.0,0,0,0,none,0,0.0,none,0.0,,0.053,0.08,0.36,0.15,0.12,0.55,0.054,0.19,0.86,0.07,0.14,0.64,0.074,0.26,1.18,0.055,0.11,0.5,0.04,0.06,0.27,0.06,0.18,0.82,0.0,0.0,0.0
2026-06-26T04:00:00,28.0,75,cloudy,summer,0,weekday,night,0.06,none,1.13,5.14,220.0,normal,none,none,none,1.0,0.0,0,0,0,none,0,0.0,none,0.0,,0.053,0.08,0.36,0.15,0.12,0.55,0.054,0.19,0.86,0.07,0.14,0.64,0.077,0.27,1.23,0.055,0.11,0.5,0.04,0.06,0.27,0.053,0.16,0.73,0.0,0.0,0.0
2026-06-26T05:00:00,28.0,75,cloudy,summer,0,weekday,night,0.06,none,1.18,5.36,220.0,normal,none,none,none,1.0,0.0,0,0,0,none,0,0.0,none,0.0,,0.053,0.08,0.36,0.15,0.12,0.55,0.054,0.19,0.86,0.07,0.14,0.64,0.089,0.31,1.41,0.055,0.11,0.5,0.04,0.06,0.27,0.05,0.15,0.68,0.01,0.02,0.09
2026-06-26T06:00:00,28.0,75,cloudy,summer,0,weekday,night,0.01,none,1.31,5.95,220.0,normal,none,none,none,1.0,0.0,0,0,0,none,0,0.0,none,0.0,,0.053,0.08,0.36,0.15,0.12,0.55,0.06,0.21,0.95,0.09,0.18,0.82,0.089,0.31,1.41,0.07,0.14,0.64,0.04,0.06,0.27,0.063,0.19,0.86,0.01,0.02,0.09
2026-06-26T07:00:00,28.0,75,cloudy,summer,0,weekday,commute,0.4,none,7.84,35.64,220.0,normal,none,none,none,1.0,0.0,0,0,0,none,0,0.0,none,0.0,,0.313,0.47,2.14,0.35,0.28,1.27,0.386,1.35,6.14,0.36,0.72,3.27,0.623,2.18,9.91,0.41,0.82,3.73,0.26,0.39,1.77,0.527,1.58,7.18,0.025,0.05,0.23
2026-06-26T08:00:00,28.0,75,cloudy,summer,0,weekday,commute,0.4,none,8.28,37.64,220.0,normal,none,none,none,1.0,0.0,0,0,0,none,0,0.0,none,0.0,,0.36,0.54,2.45,0.437,0.35,1.59,0.394,1.38,6.27,0.36,0.72,3.27,0.646,2.26,10.27,0.43,0.86,3.91,0.32,0.48,2.18,0.54,1.62,7.36,0.035,0.07,0.32
2026-06-26T09:00:00,28.0,75,cloudy,summer,0,weekday,work_am,0.79,overtime,8.84,40.18,220.0,normal,none,none,none,1.0,0.0,0,0,0,none,0,0.0,none,0.0,,0.387,0.58,2.64,0.425,0.34,1.55,0.394,1.38,6.27,0.46,0.92,4.18,0.66,2.31,10.5,0.52,1.04,4.73,0.313,0.47,2.14,0.56,1.68,7.64,0.06,0.12,0.55
2026-06-26T10:00:00,28.0,75,cloudy,summer,0,weekday,work_am,0.89,none,8.49,38.59,220.0,normal,none,none,none,1.0,0.0,0,0,0,none,0,0.0,none,0.0,,0.373,0.56,2.55,0.475,0.38,1.73,0.374,1.31,5.95,0.46,0.92,4.18,0.649,2.27,10.32,0.39,0.78,3.55,0.313,0.47,2.14,0.56,1.68,7.64,0.06,0.12,0.55
2026-06-26T11:00:00,28.0,75,cloudy,summer,0,weekday,work_am,0.79,none,8.77,39.86,220.0,normal,none,none,none,1.0,0.0,0,0,0,none,0,0.0,none,0.0,,0.387,0.58,2.64,0.425,0.34,1.55,0.394,1.38,6.27,0.46,0.92,4.18,0.66,2.31,10.5,0.52,1.04,4.73,0.313,0.47,2.14,0.557,1.67,7.59,0.03,0.06,0.27
2026-06-26T12:00:00,28.0,75,cloudy,summer,0,weekday,lunch,0.51,none,9.02,41.0,220.0,normal,none,none,none,1.0,0.0,0,0,0,none,0,0.0,none,0.0,,0.387,0.58,2.64,0.437,0.35,1.59,0.394,1.38,6.27,0.46,0.92,4.18,0.706,2.47,11.23,0.52,1.04,4.73,0.32,0.48,2.18,0.56,1.68,7.64,0.06,0.12,0.55
2026-06-26T13:00:00,28.0,75,cloudy,summer,0,weekday,work_pm,0.91,none,8.27,37.59,220.0,normal,none,none,none,1.0,0.0,0,0,0,none,0,0.0,none,0.0,,0.387,0.58,2.64,0.425,0.34,1.55,0.366,1.28,5.82,0.38,0.76,3.45,0.64,2.24,10.18,0.435,0.87,3.95,0.307,0.46,2.09,0.54,1.62,7.36,0.06,0.12,0.55
2026-06-26T14:00:00,28.0,75,cloudy,summer,0,weekday,work_pm,0.84,none,8.8,40.0,220.0,normal,none,none,none,1.0,0.0,0,0,0,none,0,0.0,none,0.0,,0.387,0.58,2.64,0.437,0.35,1.59,0.394,1.38,6.27,0.46,0.92,4.18,0.66,2.31,10.5,0.52,1.04,4.73,0.307,0.46,2.09,0.56,1.68,7.64,0.04,0.08,0.36
2026-06-26T15:00:00,28.0,75,cloudy,summer,0,weekday,work_pm,0.93,none,8.79,39.95,220.0,normal,none,none,none,1.0,0.0,0,0,0,none,0,0.0,none,0.0,,0.387,0.58,2.64,0.45,0.36,1.64,0.394,1.38,6.27,0.46,0.92,4.18,0.669,2.34,10.64,0.52,1.04,4.73,0.313,0.47,2.14,0.54,1.62,7.36,0.04,0.08,0.36
2026-06-26T16:00:00,28.0,75,cloudy,summer,0,weekday,work_pm,0.9,none,8.91,40.5,220.0,normal,none,none,none,1.0,0.0,0,0,0,none,0,0.0,none,0.0,,0.387,0.58,2.64,0.425,0.34,1.55,0.394,1.38,6.27,0.46,0.92,4.18,0.706,2.47,11.23,0.515,1.03,4.68,0.307,0.46,2.09,0.56,1.68,7.64,0.025,0.05,0.23
2026-06-26T17:00:00,28.0,75,cloudy,summer,0,weekday,work_pm,0.87,none,8.96,40.73,220.0,normal,none,none,none,1.0,0.0,0,0,0,none,0,0.0,none,0.0,,0.387,0.58,2.64,0.45,0.36,1.64,0.394,1.38,6.27,0.46,0.92,4.18,0.706,2.47,11.23,0.52,1.04,4.73,0.32,0.48,2.18,0.56,1.68,7.64,0.025,0.05,0.23
2026-06-26T18:00:00,28.0,75,cloudy,summer,0,weekday,evening,0.24,none,8.32,37.82,220.0,normal,none,none,none,1.0,0.0,0,0,0,none,0,0.0,none,0.0,,0.387,0.58,2.64,0.425,0.34,1.55,0.394,1.38,6.27,0.435,0.87,3.95,0.66,2.31,10.5,0.38,0.76,3.45,0.273,0.41,1.86,0.54,1.62,7.36,0.025,0.05,0.23
2026-06-26T19:00:00,28.0,75,cloudy,summer,0,weekday,evening,0.26,overtime,8.24,37.45,220.0,normal,none,none,none,1.0,0.0,0,0,0,none,0,0.0,none,0.0,,0.387,0.58,2.64,0.425,0.34,1.55,0.394,1.38,6.27,0.38,0.76,3.45,0.651,2.28,10.36,0.41,0.82,3.73,0.273,0.41,1.86,0.547,1.64,7.45,0.015,0.03,0.14
2026-06-26T20:00:00,28.0,75,cloudy,summer,0,weekday,evening,0.17,construction,8.42,38.27,220.0,normal,none,none,none,1.0,0.0,0,0,0,none,0,0.0,none,0.0,,0.387,0.58,2.64,0.425,0.34,1.55,0.394,1.38,6.27,0.36,0.72,3.27,0.706,2.47,11.23,0.415,0.83,3.77,0.273,0.41,1.86,0.543,1.63,7.41,0.03,0.06,0.27
2026-06-26T21:00:00,28.0,75,cloudy,summer,0,weekday,evening,0.21,visitor,8.24,37.45,220.0,normal,none,none,none,1.0,0.0,0,0,0,none,0,0.0,none,0.0,,0.373,0.56,2.55,0.425,0.34,1.55,0.366,1.28,5.82,0.36,0.72,3.27,0.66,2.31,10.5,0.415,0.83,3.77,0.313,0.47,2.14,0.54,1.62,7.36,0.055,0.11,0.5
2026-06-26T22:00:00,28.0,75,cloudy,summer,0,weekday,night,0.05,none,7.18,32.64,220.0,normal,none,none,none,1.0,0.0,0,0,0,none,0,0.0,none,0.0,,0.313,0.47,2.14,0.35,0.28,1.27,0.309,1.08,4.91,0.36,0.72,3.27,0.557,1.95,8.86,0.41,0.82,3.73,0.24,0.36,1.64,0.46,1.38,6.27,0.06,0.12,0.55
2026-06-26T23:00:00,28.0,75,cloudy,summer,0,weekday,night,0.07,none,6.9,31.36,220.0,normal,none,none,none,1.0,0.0,0,0,0,none,0,0.0,none,0.0,,0.253,0.38,1.73,0.312,0.25,1.14,0.309,1.08,4.91,0.36,0.72,3.27,0.557,1.95,8.86,0.415,0.83,3.77,0.207,0.31,1.41,0.44,1.32,6.0,0.03,0.06,0.27
2026-06-27T00:00:00,18.0,85,clear,summer,0,weekend,night,0.04,none,1.15,5.23,220.0,normal,none,none,none,1.0,0.0,0,0,0,none,0,0.0,none,0.0,,0.08,0.12,0.55,0.1,0.08,0.36,0.063,0.22,1.0,0.075,0.15,0.68,0.051,0.18,0.82,0.055,0.11,0.5,0.06,0.09,0.41,0.047,0.14,0.64,0.03,0.06,0.27
2026-06-27T01:00:00,18.0,90,clear,summer,0,weekend,night,0.01,none,1.24,5.64,220.0,normal,none,none,none,1.0,0.0,0,0,0,none,0,0.0,none,0.0,,0.053,0.08,0.36,0.15,0.12,0.55,0.051,0.18,0.82,0.11,0.22,1.0,0.089,0.31,1.41,0.07,0.14,0.64,0.04,0.06,0.27,0.03,0.09,0.41,0.02,0.04,0.18
2026-06-27T02:00:00,17.0,90,clear,summer,0,weekend,night,0.03,none,1.41,6.41,220.0,normal,none,none,none,1.0,0.0,0,0,0,none,0,0.0,none,0.0,,0.053,0.08,0.36,0.15,0.12,0.55,0.051,0.18,0.82,0.11,0.22,1.0,0.089,0.31,1.41,0.075,0.15,0.68,0.04,0.06,0.27,0.09,0.27,1.23,0.01,0.02,0.09
2026-06-27T03:00:00,17.0,90,clear,summer,0,weekend,night,0.0,none,1.28,5.82,220.0,normal,none,none,none,1.0,0.0,0,0,0,none,0,0.0,none,0.0,,0.08,0.12,0.55,0.1,0.08,0.36,0.054,0.19,0.86,0.07,0.14,0.64,0.089,0.31,1.41,0.08,0.16,0.73,0.04,0.06,0.27,0.073,0.22,1.0,0.0,0.0,0.0
2026-06-27T04:00:00,17.0,95,clear,summer,0,weekend,night,0.01,none,1.24,5.64,220.0,normal,none,none,none,1.0,0.0,0,0,0,none,0,0.0,none,0.0,,0.08,0.12,0.55,0.1,0.08,0.36,0.051,0.18,0.82,0.075,0.15,0.68,0.091,0.32,1.45,0.07,0.14,0.64,0.04,0.06,0.27,0.063,0.19,0.86,0.0,0.0,0.0
2026-06-27T05:00:00,16.0,95,clear,summer,0,weekend,night,0.03,none,1.42,6.45,220.0,normal,none,none,none,1.0,0.0,0,0,0,none,0,0.0,none,0.0,,0.053,0.08,0.36,0.15,0.12,0.55,0.051,0.18,0.82,0.135,0.27,1.23,0.089,0.31,1.41,0.07,0.14,0.64,0.04,0.06,0.27,0.073,0.22,1.0,0.02,0.04,0.18
2026-06-27T06:00:00,17.0,95,clear,summer,0,weekend,night,0.03,none,1.96,8.91,220.0,normal,none,none,none,1.0,0.0,0,0,0,none,0,0.0,none,0.0,,0.12,0.18,0.82,0.275,0.22,1.0,0.089,0.31,1.41,0.135,0.27,1.23,0.054,0.19,0.86,0.075,0.15,0.68,0.153,0.23,1.05,0.097,0.29,1.32,0.06,0.12,0.55
2026-06-27T07:00:00,18.0,90,clear,summer,0,weekend,commute,0.02,none,2.81,12.77,220.0,normal,none,none,none,1.0,0.0,0,0,0,none,0,0.0,none,0.0,,0.227,0.34,1.55,0.35,0.28,1.27,0.146,0.51,2.32,0.095,0.19,0.86,0.12,0.42,1.91,0.19,0.38,1.73,0.153,0.23,1.05,0.103,0.31,1.41,0.075,0.15,0.68
2026-06-27T08:00:00,20.0,85,clear,summer,0,weekend,commute,0.01,none,7.73,35.14,220.0,normal,none,none,none,1.0,0.0,0,0,0,none,0,0.0,none,0.0,,0.387,0.58,2.64,0.425,0.34,1.55,0.309,1.08,4.91,0.36,0.72,3.27,0.677,2.37,10.77,0.41,0.82,3.73,0.26,0.39,1.77,0.477,1.43,6.5,0.0,0.0,0.0
2026-06-27T09:00:00,22.0,75,clear,summer,0,weekend,work_am,0.02,none,8.39,38.14,220.0,normal,none,none,none,1.0,0.0,0,0,0,none,0,0.0,none,0.0,,0.387,0.58,2.64,0.425,0.34,1.55,0.394,1.38,6.27,0.36,0.72,3.27,0.66,2.31,10.5,0.425,0.85,3.86,0.313,0.47,2.14,0.54,1.62,7.36,0.06,0.12,0.55
2026-06-27T10:00:00,24.0,65,partly_cloudy,summer,0,weekend,work_am,0.03,none,8.23,37.41,220.0,normal,none,none,none,1.0,0.0,0,0,0,none,0,0.0,none,0.0,,0.387,0.58,2.64,0.425,0.34,1.55,0.394,1.38,6.27,0.36,0.72,3.27,0.649,2.27,10.32,0.41,0.82,3.73,0.287,0.43,1.95,0.543,1.63,7.41,0.03,0.06,0.27
2026-06-27T11:00:00,25.0,60,partly_cloudy,summer,0,weekend,work_am,0.01,none,8.41,38.23,220.0,normal,none,none,none,1.0,0.0,0,0,0,none,0,0.0,none,0.0,,0.387,0.58,2.64,0.425,0.34,1.55,0.394,1.38,6.27,0.36,0.72,3.27,0.706,2.47,11.23,0.42,0.84,3.82,0.26,0.39,1.77,0.543,1.63,7.41,0.03,0.06,0.27
2026-06-27T12:00:00,27.0,55,partly_cloudy,summer,0,weekend,lunch,0.02,none,8.25,37.5,220.0,normal,none,none,none,1.0,0.0,0,0,0,none,0,0.0,none,0.0,,0.347,0.52,2.36,0.35,0.28,1.27,0.386,1.35,6.14,0.37,0.74,3.36,0.68,2.38,10.82,0.415,0.83,3.77,0.273,0.41,1.86,0.54,1.62,7.36,0.06,0.12,0.55
2026-06-27T13:00:00,28.0,50,clear,summer,0,weekend,work_pm,0.03,none,8.28,37.64,220.0,normal,none,none,none,1.0,0.0,0,0,0,none,0,0.0,none,0.0,,0.387,0.58,2.64,0.425,0.34,1.55,0.394,1.38,6.27,0.36,0.72,3.27,0.651,2.28,10.36,0.425,0.85,3.86,0.287,0.43,1.95,0.54,1.62,7.36,0.04,0.08,0.36
2026-06-27T14:00:00,29.0,50,clear,summer,0,weekend,work_pm,0.04,none,8.18,37.18,220.0,normal,none,none,none,1.0,0.0,0,0,0,none,0,0.0,none,0.0,,0.387,0.58,2.64,0.425,0.34,1.55,0.394,1.38,6.27,0.36,0.72,3.27,0.651,2.28,10.36,0.425,0.85,3.86,0.273,0.41,1.86,0.54,1.62,7.36,0.0,0.0,0.0
2026-06-27T15:00:00,29.0,45,clear,summer,0,weekend,work_pm,0.01,none,8.0,36.36,220.0,normal,none,none,none,1.0,0.0,0,0,0,none,0,0.0,none,0.0,,0.36,0.54,2.45,0.35,0.28,1.27,0.394,1.38,6.27,0.36,0.72,3.27,0.626,2.19,9.95,0.425,0.85,3.86,0.253,0.38,1.73,0.543,1.63,7.41,0.015,0.03,0.14
2026-06-27T16:00:00,29.0,50,clear,summer,0,weekend,work_pm,0.05,none,8.44,38.36,220.0,normal,none,none,none,1.0,0.0,0,0,0,none,0,0.0,none,0.0,,0.387,0.58,2.64,0.425,0.34,1.55,0.394,1.38,6.27,0.36,0.72,3.27,0.7,2.45,11.14,0.41,0.82,3.73,0.273,0.41,1.86,0.56,1.68,7.64,0.03,0.06,0.27
2026-06-27T17:00:00,28.0,50,clear,summer,0,weekend,work_pm,0.04,none,8.68,39.45,220.0,normal,none,none,none,1.0,0.0,0,0,0,none,0,0.0,none,0.0,,0.387,0.58,2.64,0.425,0.34,1.55,0.394,1.38,6.27,0.46,0.92,4.18,0.706,2.47,11.23,0.38,0.76,3.45,0.287,0.43,1.95,0.56,1.68,7.64,0.06,0.12,0.55
2026-06-27T18:00:00,26.0,55,clear,summer,0,weekend,evening,0.04,none,7.61,34.59,220.0,normal,none,none,none,1.0,0.0,0,0,0,none,0,0.0,none,0.0,,0.347,0.52,2.36,0.35,0.28,1.27,0.329,1.15,5.23,0.37,0.74,3.36,0.623,2.18,9.91,0.425,0.85,3.86,0.253,0.38,1.73,0.477,1.43,6.5,0.04,0.08,0.36
2026-06-27T19:00:00,25.0,65,clear,summer,0,weekend,evening,0.02,none,7.77,35.32,220.0,normal,none,none,none,1.0,0.0,0,0,0,none,0,0.0,none,0.0,,0.347,0.52,2.36,0.35,0.28,1.27,0.386,1.35,6.14,0.365,0.73,3.32,0.623,2.18,9.91,0.435,0.87,3.95,0.253,0.38,1.73,0.473,1.42,6.45,0.02,0.04,0.18
2026-06-27T20:00:00,23.0,75,clear,summer,0,weekend,evening,0.04,none,7.74,35.18,220.0,normal,none,none,none,1.0,0.0,0,0,0,none,0,0.0,none,0.0,,0.347,0.52,2.36,0.387,0.31,1.41,0.337,1.18,5.36,0.38,0.76,3.45,0.64,2.24,10.18,0.435,0.87,3.95,0.253,0.38,1.73,0.473,1.42,6.45,0.03,0.06,0.27
2026-06-27T21:00:00,22.0,75,clear,summer,0,weekend,evening,0.04,none,7.62,34.64,220.0,normal,none,none,none,1.0,0.0,0,0,0,none,0,0.0,none,0.0,,0.32,0.48,2.18,0.425,0.34,1.55,0.329,1.15,5.23,0.385,0.77,3.5,0.594,2.08,9.45,0.44,0.88,4.0,0.28,0.42,1.91,0.493,1.48,6.73,0.01,0.02,0.09
2026-06-27T22:00:00,21.0,75,clear,summer,0,weekend,night,0.04,none,6.94,31.55,220.0,normal,none,none,none,1.0,0.0,0,0,0,none,0,0.0,none,0.0,,0.253,0.38,1.73,0.312,0.25,1.14,0.309,1.08,4.91,0.36,0.72,3.27,0.557,1.95,8.86,0.415,0.83,3.77,0.233,0.35,1.59,0.46,1.38,6.27,0.0,0.0,0.0
2026-06-27T23:00:00,20.0,80,clear,summer,0,weekend,night,0.04,none,7.55,34.32,220.0,normal,none,none,none,1.0,0.0,0,0,0,none,0,0.0,none,0.0,,0.347,0.52,2.36,0.35,0.28,1.27,0.337,1.18,5.36,0.38,0.76,3.45,0.594,2.08,9.45,0.435,0.87,3.95,0.253,0.38,1.73,0.473,1.42,6.45,0.03,0.06,0.27
2026-06-28T00:00:00,19.0,80,clear,summer,0,weekend,night,0.04,none,1.03,4.68,220.0,normal,none,none,none,1.0,0.0,0,0,0,none,0,0.0,none,0.0,,0.08,0.12,0.55,0.1,0.08,0.36,0.051,0.18,0.82,0.045,0.09,0.41,0.071,0.25,1.14,0.055,0.11,0.5,0.04,0.06,0.27,0.047,0.14,0.64,0.0,0.0,0.0
2026-06-28T01:00:00,19.0,80,clear,summer,0,weekend,night,0.02,none,1.57,7.14,220.0,normal,none,none,none,1.0,0.0,0,0,0,none,0,0.0,none,0.0,,0.12,0.18,0.82,0.275,0.22,1.0,0.089,0.31,1.41,0.07,0.14,0.64,0.026,0.09,0.41,0.135,0.27,1.23,0.08,0.12,0.55,0.063,0.19,0.86,0.025,0.05,0.23
2026-06-28T02:00:00,19.0,85,clear,summer,0,weekend,night,0.04,none,6.12,27.82,220.0,normal,none,none,none,1.0,0.0,0,0,0,none,0,0.0,none,0.0,,0.253,0.38,1.73,0.312,0.25,1.14,0.263,0.92,4.18,0.28,0.56,2.55,0.509,1.78,8.09,0.335,0.67,3.05,0.207,0.31,1.41,0.41,1.23,5.59,0.01,0.02,0.09
2026-06-28T03:00:00,18.0,85,clear,summer,0,weekend,night,0.03,none,6.29,28.59,220.0,normal,none,none,none,1.0,0.0,0,0,0,none,0,0.0,none,0.0,,0.253,0.38,1.73,0.275,0.22,1.0,0.26,0.91,4.14,0.335,0.67,3.05,0.526,1.84,8.36,0.365,0.73,3.32,0.207,0.31,1.41,0.41,1.23,5.59,0.0,0.0,0.0
2026-06-28T04:00:00,18.0,85,clear,summer,0,weekend,night,0.02,none,6.83,31.05,220.0,normal,none,none,none,1.0,0.0,0,0,0,none,0,0.0,none,0.0,,0.253,0.38,1.73,0.312,0.25,1.14,0.309,1.08,4.91,0.36,0.72,3.27,0.554,1.94,8.82,0.405,0.81,3.68,0.22,0.33,1.5,0.44,1.32,6.0,0.0,0.0,0.0
2026-06-28T05:00:00,17.0,90,clear,summer,0,weekend,night,0.02,none,6.87,31.23,220.0,normal,none,none,none,1.0,0.0,0,0,0,none,0,0.0,none,0.0,,0.253,0.38,1.73,0.312,0.25,1.14,0.309,1.08,4.91,0.36,0.72,3.27,0.557,1.95,8.86,0.415,0.83,3.77,0.207,0.31,1.41,0.44,1.32,6.0,0.015,0.03,0.14
2026-06-28T06:00:00,17.0,90,clear,summer,0,weekend,night,0.04,none,7.88,35.82,220.0,normal,none,none,none,1.0,0.0,0,0,0,none,0,0.0,none,0.0,,0.32,0.48,2.18,0.437,0.35,1.59,0.337,1.18,5.36,0.38,0.76,3.45,0.64,2.24,10.18,0.435,0.87,3.95,0.28,0.42,1.91,0.507,1.52,6.91,0.03,0.06,0.27
2026-06-28T07:00:00,19.0,85,clear,summer,0,weekend,commute,0.02,none,7.27,33.05,220.0,normal,none,none,none,1.0,0.0,0,0,0,none,0,0.0,none,0.0,,0.347,0.52,2.36,0.35,0.28,1.27,0.309,1.08,4.91,0.38,0.76,3.45,0.557,1.95,8.86,0.425,0.85,3.86,0.253,0.38,1.73,0.473,1.42,6.45,0.015,0.03,0.14
2026-06-28T08:00:00,21.0,80,clear,summer,0,weekend,commute,0.04,none,7.87,35.77,220.0,normal,none,none,none,1.0,0.0,0,0,0,none,0,0.0,none,0.0,,0.347,0.52,2.36,0.387,0.31,1.41,0.337,1.18,5.36,0.435,0.87,3.95,0.583,2.04,9.27,0.47,0.94,4.27,0.287,0.43,1.95,0.507,1.52,6.91,0.03,0.06,0.27
2026-06-28T09:00:00,23.0,70,clear,summer,0,weekend,work_am,0.04,none,8.43,38.32,220.0,normal,none,none,none,1.0,0.0,0,0,0,none,0,0.0,none,0.0,,0.387,0.58,2.64,0.425,0.34,1.55,0.394,1.38,6.27,0.36,0.72,3.27,0.706,2.47,11.23,0.425,0.85,3.86,0.273,0.41,1.86,0.54,1.62,7.36,0.03,0.06,0.27
2026-06-28T10:00:00,25.0,65,clear,summer,0,weekend,work_am,0.03,none,8.19,37.23,220.0,normal,none,none,none,1.0,0.0,0,0,0,none,0,0.0,none,0.0,,0.387,0.58,2.64,0.425,0.34,1.55,0.394,1.38,6.27,0.36,0.72,3.27,0.614,2.15,9.77,0.43,0.86,3.91,0.28,0.42,1.91,0.54,1.62,7.36,0.06,0.12,0.55
2026-06-28T11:00:00,26.0,60,clear,summer,0,weekend,work_am,0.03,none,8.07,36.68,220.0,normal,none,none,none,1.0,0.0,0,0,0,none,0,0.0,none,0.0,,0.32,0.48,2.18,0.35,0.28,1.27,0.386,1.35,6.14,0.36,0.72,3.27,0.68,2.38,10.82,0.41,0.82,3.73,0.24,0.36,1.64,0.543,1.63,7.41,0.025,0.05,0.23
2026-06-28T12:00:00,27.0,60,clear,summer,0,weekend,lunch,0.0,none,8.2,37.27,220.0,normal,none,none,none,1.0,0.0,0,0,0,none,0,0.0,none,0.0,,0.387,0.58,2.64,0.338,0.27,1.23,0.394,1.38,6.27,0.36,0.72,3.27,0.669,2.34,10.64,0.415,0.83,3.77,0.233,0.35,1.59,0.54,1.62,7.36,0.055,0.11,0.5
2026-06-28T13:00:00,27.0,60,clear,summer,0,weekend,work_pm,0.05,none,7.99,36.32,220.0,normal,none,none,none,1.0,0.0,0,0,0,none,0,0.0,none,0.0,,0.347,0.52,2.36,0.35,0.28,1.27,0.337,1.18,5.36,0.38,0.76,3.45,0.669,2.34,10.64,0.425,0.85,3.86,0.253,0.38,1.73,0.54,1.62,7.36,0.03,0.06,0.27
2026-06-28T14:00:00,27.0,60,shower,summer,0,weekend,work_pm,0.03,none,7.83,35.59,220.0,normal,none,none,none,1.0,0.0,0,0,0,none,0,0.0,none,0.0,,0.413,0.62,2.82,0.35,0.28,1.27,0.386,1.35,6.14,0.355,0.71,3.23,0.623,2.18,9.91,0.42,0.84,3.82,0.26,0.39,1.77,0.47,1.41,6.41,0.025,0.05,0.23
2026-06-28T15:00:00,27.0,60,shower,summer,0,weekend,work_pm,0.04,none,8.49,38.59,220.0,normal,none,none,none,1.0,0.0,0,0,0,none,0,0.0,none,0.0,,0.387,0.58,2.64,0.425,0.34,1.55,0.394,1.38,6.27,0.36,0.72,3.27,0.7,2.45,11.14,0.425,0.85,3.86,0.28,0.42,1.91,0.557,1.67,7.59,0.04,0.08,0.36
2026-06-28T16:00:00,27.0,60,shower,summer,0,weekend,work_pm,0.04,none,8.43,38.32,220.0,normal,none,none,none,1.0,0.0,0,0,0,none,0,0.0,none,0.0,,0.387,0.58,2.64,0.425,0.34,1.55,0.394,1.38,6.27,0.36,0.72,3.27,0.706,2.47,11.23,0.405,0.81,3.68,0.287,0.43,1.95,0.54,1.62,7.36,0.04,0.08,0.36
2026-06-28T17:00:00,26.0,65,clear,summer,0,weekend,work_pm,0.03,none,8.47,38.5,220.0,normal,none,none,none,1.0,0.0,0,0,0,none,0,0.0,none,0.0,,0.387,0.58,2.64,0.425,0.34,1.55,0.394,1.38,6.27,0.36,0.72,3.27,0.706,2.47,11.23,0.415,0.83,3.77,0.273,0.41,1.86,0.54,1.62,7.36,0.06,0.12,0.55
2026-06-28T18:00:00,24.0,65,clear,summer,0,weekend,evening,0.03,none,8.53,38.77,220.0,normal,none,none,none,1.0,0.0,0,0,0,none,0,0.0,none,0.0,,0.387,0.58,2.64,0.425,0.34,1.55,0.394,1.38,6.27,0.36,0.72,3.27,0.706,2.47,11.23,0.415,0.83,3.77,0.34,0.51,2.32,0.54,1.62,7.36,0.04,0.08,0.36
2026-06-28T19:00:00,23.0,75,clear,summer,0,weekend,evening,0.04,none,7.9,35.91,220.0,normal,none,none,none,1.0,0.0,0,0,0,none,0,0.0,none,0.0,,0.347,0.52,2.36,0.35,0.28,1.27,0.337,1.18,5.36,0.38,0.76,3.45,0.583,2.04,9.27,0.47,0.94,4.27,0.253,0.38,1.73,0.56,1.68,7.64,0.06,0.12,0.55
2026-06-28T20:00:00,22.0,80,clear,summer,0,weekend,evening,0.05,none,7.79,35.41,220.0,normal,none,none,none,1.0,0.0,0,0,0,none,0,0.0,none,0.0,,0.387,0.58,2.64,0.425,0.34,1.55,0.329,1.15,5.23,0.38,0.76,3.45,0.651,2.28,10.36,0.41,0.82,3.73,0.26,0.39,1.77,0.473,1.42,6.45,0.025,0.05,0.23
2026-06-28T21:00:00,21.0,80,partly_cloudy,summer,0,weekend,evening,0.04,none,7.27,33.05,220.0,normal,none,none,none,1.0,0.0,0,0,0,none,0,0.0,none,0.0,,0.347,0.52,2.36,0.35,0.28,1.27,0.309,1.08,4.91,0.37,0.74,3.36,0.557,1.95,8.86,0.425,0.85,3.86,0.247,0.37,1.68,0.473,1.42,6.45,0.03,0.06,0.27
2026-06-28T22:00:00,20.0,85,clear,summer,0,weekend,night,0.03,none,7.33,33.32,220.0,normal,none,none,none,1.0,0.0,0,0,0,none,0,0.0,none,0.0,,0.28,0.42,1.91,0.35,0.28,1.27,0.329,1.15,5.23,0.38,0.76,3.45,0.594,2.08,9.45,0.435,0.87,3.95,0.233,0.35,1.59,0.473,1.42,6.45,0.0,0.0,0.0
2026-06-28T23:00:00,20.0,90,clear,summer,0,weekend,night,0.02,none,7.12,32.36,220.0,normal,none,none,none,1.0,0.0,0,0,0,none,0,0.0,none,0.0,,0.28,0.42,1.91,0.35,0.28,1.27,0.309,1.08,4.91,0.36,0.72,3.27,0.557,1.95,8.86,0.415,0.83,3.77,0.233,0.35,1.59,0.46,1.38,6.27,0.055,0.11,0.5
2026-09-16T00:00:00,10.0,99,clear,autumn,0,weekday,night,0.0,none,4.382,19.92,220.0,normal,none,none,none,1.0,0.0,0,0,0,none,0,0.0,none,0.0,,0.074,0.111,0.5,0.515,0.412,1.87,0.061,0.214,0.97,0.32,0.64,2.91,0.283,0.99,4.5,0.337,0.673,3.06,0.376,0.564,2.56,0.202,0.605,2.75,0.086,0.173,0.79
2026-09-16T01:00:00,10.0,99,clear,autumn,0,weekday,night,0.0,none,5.431,24.69,220.0,normal,none,none,none,1.0,0.0,0,0,0,none,0,0.0,none,0.0,,0.203,0.304,1.38,0.597,0.478,2.17,0.251,0.88,4.0,0.345,0.69,3.14,0.107,0.374,1.7,0.315,0.629,2.86,0.341,0.511,2.32,0.331,0.994,4.52,0.285,0.571,2.6
2026-09-16T02:00:00,10.0,99,clear,autumn,0,weekday,night,0.05,none,5.519,25.09,220.0,normal,none,none,none,1.0,0.0,0,0,0,none,0,0.0,none,0.0,,0.435,0.653,2.97,0.265,0.212,0.96,0.147,0.515,2.34,0.443,0.886,4.03,0.197,0.691,3.14,0.419,0.838,3.81,0.398,0.597,2.71,0.148,0.445,2.02,0.341,0.682,3.1
2026-09-16T03:00:00,12.0,80,clear,autumn,1,weekday,night,0.06,none,5.047,22.94,220.0,normal,none,none,none,1.0,0.0,0,0,1,watch,1,775.93,CG,-82.3,30.8523°N / 131.4220°E,0.203,0.304,1.38,0.747,0.598,2.72,0.145,0.509,2.31,0.408,0.816,3.71,0.252,0.883,4.01,0.352,0.704,3.2,0.307,0.46,2.09,0.183,0.548,2.49,0.113,0.225,1.02
2026-09-16T04:00:00,12.0,80,clear,autumn,0,weekday,night,0.06,none,4.32,19.64,220.0,normal,none,none,none,1.0,0.0,0,0,0,none,0,0.0,none,0.0,,0.497,0.745,3.39,0.14,0.112,0.51,0.157,0.548,2.49,0.176,0.353,1.6,0.056,0.195,0.89,0.368,0.736,3.35,0.099,0.148,0.67,0.314,0.943,4.29,0.27,0.54,2.45
2026-09-16T05:00:00,11.0,80,clear,autumn,0,weekday,night,0.0,none,3.907,17.76,220.0,normal,none,none,none,1.0,0.0,0,0,0,none,0,0.0,none,0.0,,0.113,0.169,0.77,0.619,0.495,2.25,0.126,0.442,2.01,0.374,0.748,3.4,0.061,0.215,0.98,0.154,0.309,1.4,0.088,0.132,0.6,0.136,0.407,1.85,0.495,0.99,4.5
2026-09-16T06:00:00,12.0,80,clear,autumn,0,weekday,night,0.02,none,4.695,21.34,220.0,normal,none,none,none,1.0,0.0,0,0,0,none,0,0.0,none,0.0,,0.5,0.75,3.41,0.539,0.431,1.96,0.133,0.464,2.11,0.164,0.328,1.49,0.269,0.94,4.27,0.331,0.661,3.0,0.243,0.365,1.66,0.087,0.26,1.18,0.248,0.496,2.25
2026-09-16T07:00:00,12.0,80,clear,autumn,0,weekday,commute,0.34,visitor,4.734,21.52,220.0,normal,none,none,none,1.0,0.0,0,0,0,none,0,0.0,none,0.0,,0.407,0.611,2.78,0.646,0.517,2.35,0.039,0.135,0.61,0.424,0.848,3.85,0.229,0.802,3.65,0.172,0.343,1.56,0.18,0.27,1.23,0.251,0.752,3.42,0.228,0.456,2.07
2026-09-16T08:00:00,15.0,80,clear,autumn,0,weekday,commute,0.41,none,4.04,18.36,220.0,normal,none,none,none,1.0,0.0,0,0,0,none,0,0.0,none,0.0,,0.34,0.51,2.32,0.529,0.423,1.92,0.126,0.442,2.01,0.095,0.189,0.86,0.219,0.765,3.48,0.166,0.331,1.5,0.321,0.481,2.19,0.241,0.723,3.29,0.088,0.176,0.8
2026-09-16T09:00:00,18.0,70,clear,autumn,0,weekday,work_am,0.85,visitor,5.406,24.57,220.0,normal,none,none,none,1.0,0.0,0,0,0,none,0,0.0,none,0.0,,0.377,0.566,2.57,0.974,0.779,3.54,0.21,0.735,3.34,0.262,0.523,2.38,0.067,0.234,1.06,0.358,0.716,3.25,0.244,0.366,1.66,0.293,0.878,3.99,0.304,0.609,2.77
2026-09-16T10:00:00,20.0,70,clear,autumn,0,weekday,work_am,0.86,none,4.907,22.3,220.0,normal,none,none,none,1.0,0.0,0,0,0,none,0,0.0,none,0.0,,0.606,0.909,4.13,0.186,0.149,0.68,0.284,0.994,4.52,0.106,0.213,0.97,0.216,0.757,3.44,0.377,0.753,3.42,0.425,0.637,2.9,0.041,0.122,0.55,0.186,0.373,1.7
2026-09-16T11:00:00,22.0,65,clear,autumn,0,weekday,work_am,0.78,none,7.189,32.68,220.0,normal,none,none,none,1.0,0.0,0,0,0,none,0,0.0,none,0.0,,0.209,0.313,1.42,0.946,0.757,3.44,0.253,0.887,4.03,0.475,0.95,4.32,0.213,0.746,3.39,0.471,0.942,4.28,0.555,0.832,3.78,0.267,0.801,3.64,0.48,0.961,4.37
2026-09-16T12:00:00,24.0,55,clear,autumn,0,weekday,lunch,0.46,overtime,4.285,19.48,220.0,normal,none,none,none,1.0,0.0,0,0,0,none,0,0.0,none,0.0,,0.432,0.648,2.95,0.676,0.541,2.46,0.099,0.347,1.58,0.319,0.638,2.9,0.137,0.481,2.19,0.222,0.444,2.02,0.451,0.677,3.08,0.046,0.139,0.63,0.185,0.37,1.68
2026-09-16T13:00:00,25.0,50,clear,autumn,0,weekday,work_pm,0.97,overtime,3.124,14.2,220.0,normal,none,none,none,1.0,0.0,0,0,0,none,0,0.0,none,0.0,,0.145,0.217,0.99,0.646,0.517,2.35,0.175,0.611,2.78,0.074,0.148,0.67,0.043,0.15,0.68,0.145,0.29,1.32,0.221,0.332,1.51,0.163,0.49,2.23,0.184,0.369,1.68
2026-09-16T14:00:00,26.0,50,clear,autumn,0,weekday,work_pm,0.85,none,5.378,24.45,220.0,normal,none,none,none,1.0,0.0,0,0,0,none,0,0.0,none,0.0,,0.619,0.928,4.22,0.777,0.622,2.83,0.191,0.669,3.04,0.06,0.12,0.55,0.175,0.612,2.78,0.185,0.371,1.69,0.334,0.501,2.28,0.241,0.724,3.29,0.415,0.831,3.78
2026-09-16T15:00:00,26.0,50,clear,autumn,0,weekday,work_pm,0.91,visitor,4.384,19.93,220.0,normal,none,none,none,1.0,0.0,0,0,0,none,0,0.0,none,0.0,,0.489,0.734,3.34,0.592,0.474,2.15,0.15,0.526,2.39,0.131,0.261,1.19,0.105,0.366,1.66,0.078,0.156,0.71,0.531,0.797,3.62,0.049,0.148,0.67,0.461,0.922,4.19
2026-09-16T16:00:00,25.0,55,clear,autumn,0,weekday,work_pm,0.86,none,4.139,18.81,220.0,normal,none,none,none,1.0,0.0,0,0,0,none,0,0.0,none,0.0,,0.207,0.31,1.41,0.487,0.39,1.77,0.07,0.246,1.12,0.217,0.434,1.97,0.153,0.536,2.44,0.146,0.292,1.33,0.387,0.58,2.64,0.255,0.764,3.47,0.293,0.587,2.67
2026-09-16T17:00:00,23.0,55,clear,autumn,0,weekday,work_pm,0.84,none,4.812,21.87,220.0,normal,none,none,none,1.0,0.0,0,0,0,none,0,0.0,none,0.0,,0.311,0.467,2.12,0.326,0.261,1.19,0.22,0.769,3.5,0.089,0.178,0.81,0.069,0.243,1.1,0.43,0.861,3.91,0.345,0.517,2.35,0.195,0.585,2.66,0.466,0.931,4.23
2026-09-16T18:00:00,21.0,70,clear,autumn,0,weekday,evening,0.27,visitor,3.097,14.08,220.0,normal,none,none,none,1.0,0.0,0,0,0,none,0,0.0,none,0.0,,0.137,0.205,0.93,0.189,0.151,0.69,0.111,0.388,1.76,0.254,0.507,2.3,0.101,0.352,1.6,0.245,0.491,2.23,0.266,0.399,1.81,0.112,0.335,1.52,0.135,0.269,1.22
2026-09-16T19:00:00,19.0,75,clear,autumn,0,weekday,evening,0.22,none,4.597,20.9,220.0,normal,none,none,none,1.0,0.0,0,0,0,none,0,0.0,none,0.0,,0.15,0.225,1.02,0.435,0.348,1.58,0.14,0.49,2.23,0.247,0.495,2.25,0.272,0.951,4.32,0.191,0.381,1.73,0.639,0.959,4.36,0.09,0.271,1.23,0.238,0.477,2.17
2026-09-16T20:00:00,18.0,80,clear,autumn,0,weekday,evening,0.28,none,4.689,21.31,220.0,normal,none,none,none,1.0,0.0,0,0,0,none,0,0.0,none,0.0,,0.607,0.911,4.14,0.139,0.111,0.5,0.249,0.87,3.95,0.217,0.434,1.97,0.101,0.354,1.61,0.333,0.666,3.03,0.589,0.884,4.02,0.087,0.262,1.19,0.099,0.197,0.9
2026-09-16T21:00:00,18.0,80,clear,autumn,0,weekday,evening,0.24,none,5.446,24.75,220.0,normal,none,none,none,1.0,0.0,0,0,0,none,0,0.0,none,0.0,,0.283,0.425,1.93,0.681,0.545,2.48,0.264,0.923,4.2,0.429,0.858,3.9,0.137,0.479,2.18,0.154,0.309,1.4,0.203,0.305,1.39,0.259,0.777,3.53,0.412,0.825,3.75
2026-09-16T22:00:00,18.0,75,clear,autumn,0,weekday,night,0.0,none,4.37,19.86,220.0,normal,none,none,none,1.0,0.0,0,0,0,none,0,0.0,none,0.0,,0.276,0.414,1.88,0.754,0.603,2.74,0.129,0.45,2.05,0.299,0.598,2.72,0.032,0.113,0.51,0.253,0.505,2.3,0.573,0.859,3.9,0.092,0.275,1.25,0.277,0.553,2.51
2026-09-16T23:00:00,18.0,75,clear,autumn,0,weekday,night,0.0,none,5.288,24.04,220.0,normal,none,none,none,1.0,0.0,0,0,0,none,0,0.0,none,0.0,,0.589,0.883,4.01,0.764,0.611,2.78,0.203,0.709,3.22,0.14,0.28,1.27,0.152,0.532,2.42,0.418,0.836,3.8,0.32,0.48,2.18,0.081,0.242,1.1,0.357,0.715,3.25
2026-09-17T00:00:00,13.4,99,clear,autumn,0,weekday,night,0.04,none,4.021,18.28,220.0,normal,none,none,none,1.0,0.0,0,0,0,none,0,0.0,none,0.0,,0.236,0.354,1.61,0.314,0.251,1.14,0.189,0.662,3.01,0.189,0.378,1.72,0.149,0.52,2.36,0.262,0.523,2.38,0.595,0.893,4.06,0.086,0.258,1.17,0.091,0.182,0.83
2026-09-17T01:00:00,13.4,99,clear,autumn,0,weekday,night,0.07,none,4.66,21.18,220.0,normal,none,none,none,1.0,0.0,0,0,0,none,0,0.0,none,0.0,,0.375,0.562,2.55,1.129,0.903,4.1,0.155,0.542,2.46,0.319,0.637,2.9,0.2,0.701,3.19,0.202,0.403,1.83,0.139,0.208,0.95,0.119,0.358,1.63,0.173,0.346,1.57
2026-09-17T02:00:00,13.4,99,clear,autumn,0,weekday,night,0.04,none,4.355,19.8,220.0,normal,none,none,none,1.0,0.0,0,0,0,none,0,0.0,none,0.0,,0.101,0.152,0.69,0.445,0.356,1.62,0.071,0.25,1.14,0.158,0.315,1.43,0.245,0.858,3.9,0.367,0.735,3.34,0.123,0.185,0.84,0.289,0.866,3.94,0.319,0.638,2.9
2026-09-17T03:00:00,16.0,80,partly_cloudy,autumn,0,weekday,night,0.06,none,3.182,14.46,220.0,normal,none,none,none,1.0,0.0,0,0,0,none,0,0.0,none,0.0,,0.209,0.314,1.43,0.225,0.18,0.82,0.107,0.374,1.7,0.142,0.284,1.29,0.059,0.208,0.95,0.308,0.617,2.8,0.139,0.209,0.95,0.078,0.234,1.06,0.381,0.762,3.46
2026-09-17T04:00:00,16.0,80,cloudy,autumn,0,weekday,night,0.0,none,6.024,27.38,220.0,normal,none,none,none,1.0,0.0,0,0,0,none,0,0.0,none,0.0,,0.326,0.489,2.22,1.2,0.96,4.36,0.205,0.716,3.25,0.468,0.936,4.25,0.15,0.525,2.39,0.095,0.189,0.86,0.573,0.859,3.9,0.288,0.864,3.93,0.243,0.486,2.21
2026-09-17T05:00:00,16.0,85,cloudy,autumn,0,weekday,night,0.02,none,4.006,18.21,220.0,normal,none,none,none,1.0,0.0,0,0,0,none,0,0.0,none,0.0,,0.177,0.266,1.21,0.812,0.65,2.95,0.191,0.669,3.04,0.052,0.104,0.47,0.111,0.389,1.77,0.306,0.612,2.78,0.177,0.266,1.21,0.21,0.629,2.86,0.21,0.421,1.91
2026-09-17T06:00:00,16.0,85,cloudy,autumn,0,weekday,night,0.05,none,5.248,23.85,220.0,normal,none,none,none,1.0,0.0,0,0,0,none,0,0.0,none,0.0,,0.663,0.995,4.52,0.576,0.461,2.1,0.144,0.504,2.29,0.163,0.325,1.48,0.175,0.613,2.79,0.253,0.506,2.3,0.543,0.815,3.7,0.22,0.66,3.0,0.184,0.369,1.68
2026-09-17T07:00:00,16.0,85,cloudy,autumn,0,weekday,commute,0.33,none,6.392,29.05,220.0,normal,none,none,none,1.0,0.0,0,0,0,none,0,0.0,none,0.0,,0.356,0.534,2.43,1.02,0.816,3.71,0.225,0.787,3.58,0.355,0.71,3.23,0.216,0.756,3.44,0.48,0.961,4.37,0.652,0.978,4.45,0.168,0.503,2.29,0.173,0.347,1.58
2026-09-17T08:00:00,17.0,85,cloudy,autumn,0,weekday,commute,0.35,meeting,3.749,17.04,220.0,normal,none,none,none,1.0,0.0,0,0,0,none,0,0.0,none,0.0,,0.203,0.305,1.39,0.265,0.212,0.96,0.089,0.312,1.42,0.33,0.66,3.0,0.102,0.357,1.62,0.3,0.6,2.73,0.427,0.641,2.91,0.107,0.321,1.46,0.171,0.341,1.55
2026-09-17T09:00:00,19.0,80,cloudy,autumn,0,weekday,work_am,0.83,overtime,5.7,25.91,220.0,normal,none,none,none,1.0,0.0,0,0,0,none,0,0.0,none,0.0,,0.559,0.838,3.81,0.622,0.498,2.26,0.104,0.365,1.66,0.438,0.875,3.98,0.252,0.883,4.01,0.134,0.267,1.21,0.189,0.284,1.29,0.33,0.989,4.5,0.35,0.701,3.19
2026-09-17T10:00:00,21.0,70,cloudy,autumn,0,weekday,work_am,0.89,meeting,3.925,17.84,220.0,normal,none,none,none,1.0,0.0,0,0,0,none,0,0.0,none,0.0,,0.115,0.173,0.79,0.33,0.264,1.2,0.115,0.402,1.83,0.37,0.74,3.36,0.143,0.502,2.28,0.247,0.495,2.25,0.139,0.208,0.95,0.189,0.568,2.58,0.286,0.573,2.6
2026-09-17T11:00:00,23.0,65,cloudy,autumn,0,weekday,work_am,0.89,overtime,5.399,24.54,220.0,normal,none,none,none,1.0,0.0,0,0,0,none,0,0.0,none,0.0,,0.439,0.658,2.99,1.113,0.89,4.05,0.046,0.162,0.74,0.189,0.377,1.71,0.195,0.681,3.1,0.399,0.798,3.63,0.576,0.864,3.93,0.266,0.797,3.62,0.086,0.172,0.78
2026-09-17T12:00:00,24.0,60,partly_cloudy,autumn,0,weekday,lunch,0.44,none,5.158,23.45,220.0,normal,none,none,none,1.0,0.0,0,0,0,none,0,0.0,none,0.0,,0.477,0.716,3.25,0.271,0.217,0.99,0.151,0.527,2.4,0.386,0.771,3.5,0.169,0.59,2.68,0.269,0.538,2.45,0.145,0.217,0.99,0.33,0.989,4.5,0.296,0.593,2.7
2026-09-17T13:00:00,24.0,60,clear,autumn,0,weekday,work_pm,0.97,visitor,4.753,21.6,220.0,normal,none,none,none,1.0,0.0,0,0,0,none,0,0.0,none,0.0,,0.484,0.726,3.3,1.089,0.871,3.96,0.033,0.116,0.53,0.075,0.151,0.69,0.151,0.528,2.4,0.422,0.844,3.84,0.134,0.201,0.91,0.293,0.879,4.0,0.218,0.437,1.99
2026-09-17T14:00:00,25.0,60,clear,autumn,0,weekday,work_pm,0.94,none,5.254,23.88,220.0,normal,none,none,none,1.0,0.0,0,0,0,none,0,0.0,none,0.0,,0.199,0.299,1.36,0.83,0.664,3.02,0.274,0.959,4.36,0.385,0.769,3.5,0.057,0.201,0.91,0.467,0.934,4.25,0.388,0.582,2.65,0.078,0.235,1.07,0.305,0.611,2.78
2026-09-17T15:00:00,25.0,55,clear,autumn,0,weekday,work_pm,0.87,none,6.231,28.32,220.0,normal,none,none,none,1.0,0.0,0,0,0,none,0,0.0,none,0.0,,0.581,0.871,3.96,0.472,0.378,1.72,0.261,0.914,4.15,0.355,0.71,3.23,0.221,0.773,3.51,0.266,0.531,2.41,0.494,0.741,3.37,0.138,0.413,1.88,0.45,0.9,4.09
2026-09-17T16:00:00,24.0,60,clear,autumn,0,weekday,work_pm,0.94,none,6.302,28.65,220.0,normal,none,none,none,1.0,0.0,0,0,0,none,0,0.0,none,0.0,,0.608,0.912,4.15,1.2,0.96,4.36,0.064,0.225,1.02,0.433,0.866,3.94,0.166,0.582,2.65,0.13,0.259,1.18,0.61,0.915,4.16,0.299,0.896,4.07,0.344,0.687,3.12
2026-09-17T17:00:00,22.0,60,partly_cloudy,autumn,0,weekday,work_pm,0.92,construction,5.243,23.83,220.0,normal,none,none,none,1.0,0.0,0,0,0,none,0,0.0,none,0.0,,0.267,0.4,1.82,1.04,0.832,3.78,0.125,0.436,1.98,0.454,0.908,4.13,0.064,0.224,1.02,0.336,0.672,3.05,0.293,0.439,2.0,0.188,0.564,2.56,0.384,0.768,3.49
2026-09-17T18:00:00,21.0,65,partly_cloudy,autumn,0,weekday,evening,0.26,none,4.149,18.86,220.0,normal,none,none,none,1.0,0.0,0,0,0,none,0,0.0,none,0.0,,0.56,0.84,3.82,0.517,0.414,1.88,0.071,0.247,1.12,0.163,0.325,1.48,0.093,0.327,1.49,0.264,0.527,2.4,0.435,0.653,2.97,0.101,0.303,1.38,0.257,0.513,2.33
2026-09-17T19:00:00,20.0,60,cloudy,autumn,0,weekday,evening,0.23,none,4.37,19.86,220.0,normal,none,none,none,1.0,0.0,0,0,0,none,0,0.0,none,0.0,,0.306,0.459,2.09,0.707,0.566,2.57,0.091,0.318,1.45,0.182,0.365,1.66,0.061,0.214,0.97,0.352,0.704,3.2,0.593,0.889,4.04,0.143,0.429,1.95,0.213,0.426,1.94
2026-09-17T20:00:00,20.0,60,cloudy,autumn,0,weekday,evening,0.23,none,4.735,21.52,220.0,normal,none,none,none,1.0,0.0,0,0,0,none,0,0.0,none,0.0,,0.188,0.282,1.28,0.21,0.168,0.76,0.267,0.933,4.24,0.127,0.253,1.15,0.213,0.746,3.39,0.157,0.313,1.42,0.631,0.946,4.3,0.264,0.792,3.6,0.151,0.302,1.37
2026-09-17T21:00:00,19.0,65,cloudy,autumn,0,weekday,evening,0.19,none,3.802,17.28,220.0,normal,none,none,none,1.0,0.0,0,0,0,none,0,0.0,none,0.0,,0.346,0.519,2.36,0.339,0.271,1.23,0.165,0.577,2.62,0.104,0.209,0.95,0.059,0.206,0.94,0.48,0.96,4.36,0.116,0.174,0.79,0.235,0.705,3.2,0.09,0.181,0.82
2026-09-17T22:00:00,19.0,65,cloudy,autumn,0,weekday,night,0.0,none,6.411,29.14,220.0,normal,none,none,none,1.0,0.0,0,0,0,none,0,0.0,none,0.0,,0.568,0.852,3.87,0.889,0.711,3.23,0.136,0.475,2.16,0.398,0.795,3.61,0.285,0.996,4.53,0.247,0.494,2.25,0.154,0.231,1.05,0.305,0.915,4.16,0.471,0.942,4.28
2026-09-17T23:00:00,19.0,75,cloudy,autumn,0,weekday,night,0.01,none,4.011,18.23,220.0,normal,none,none,none,1.0,0.0,0,0,0,none,0,0.0,none,0.0,,0.626,0.939,4.27,0.13,0.104,0.47,0.136,0.477,2.17,0.39,0.779,3.54,0.055,0.193,0.88,0.07,0.14,0.64,0.571,0.857,3.9,0.038,0.115,0.52,0.203,0.407,1.85
2026-09-18T00:00:00,18.3,79,clear,autumn,0,weekday,night,0.02,none,6.046,27.48,220.0,normal,none,none,none,1.0,0.0,0,0,0,none,0,0.0,none,0.0,,0.334,0.501,2.28,0.936,0.749,3.4,0.215,0.754,3.43,0.431,0.862,3.92,0.207,0.726,3.3,0.339,0.678,3.08,0.619,0.928,4.22,0.116,0.347,1.58,0.251,0.501,2.28
2026-09-18T01:00:00,18.3,79,clear,autumn,0,weekday,night,0.08,none,3.565,16.2,220.0,normal,none,none,none,1.0,0.0,0,0,0,none,0,0.0,none,0.0,,0.107,0.16,0.73,0.156,0.125,0.57,0.037,0.13,0.59,0.295,0.59,2.68,0.174,0.608,2.76,0.4,0.8,3.64,0.373,0.559,2.54,0.121,0.362,1.65,0.116,0.231,1.05
2026-09-18T02:00:00,18.3,79,clear,autumn,0,weekday,night,0.06,none,4.806,21.85,220.0,normal,none,none,none,1.0,0.0,0,0,0,none,0,0.0,none,0.0,,0.087,0.13,0.59,0.31,0.248,1.13,0.285,0.998,4.54,0.332,0.663,3.01,0.25,0.876,3.98,0.102,0.203,0.92,0.625,0.938,4.26,0.204,0.612,2.78,0.069,0.138,0.63
2026-09-18T03:00:00,18.0,80,cloudy,autumn,0,weekday,night,0.01,none,6.026,27.39,220.0,normal,none,none,none,1.0,0.0,0,0,0,none,0,0.0,none,0.0,,0.469,0.703,3.2,1.127,0.902,4.1,0.075,0.264,1.2,0.103,0.206,0.94,0.273,0.957,4.35,0.467,0.933,4.24,0.421,0.631,2.87,0.164,0.491,2.23,0.469,0.939,4.27
2026-09-18T04:00:00,18.0,80,cloudy,autumn,1,weekday,night,0.03,none,5.944,27.02,220.0,normal,none,none,none,1.0,0.0,0,0,1,watch,1,912.34,CG,-120.9,31.3752°N / 134.2976°E,0.625,0.937,4.26,0.532,0.426,1.94,0.275,0.962,4.37,0.361,0.722,3.28,0.157,0.55,2.5,0.094,0.188,0.85,0.537,0.805,3.66,0.272,0.817,3.71,0.269,0.537,2.44
2026-09-18T05:00:00,17.0,85,partly_cloudy,autumn,0,weekday,night,0.0,none,4.786,21.75,220.0,normal,none,none,none,1.0,0.0,0,0,0,none,0,0.0,none,0.0,,0.481,0.722,3.28,0.925,0.74,3.36,0.064,0.224,1.02,0.299,0.599,2.72,0.082,0.287,1.3,0.112,0.223,1.01,0.467,0.701,3.19,0.112,0.335,1.52,0.477,0.955,4.34
2026-09-18T06:00:00,17.0,85,partly_cloudy,autumn,0,weekday,night,0.01,none,5.991,27.23,220.0,normal,none,none,none,1.0,0.0,0,0,0,none,0,0.0,none,0.0,,0.535,0.802,3.65,0.464,0.371,1.69,0.24,0.841,3.82,0.474,0.949,4.31,0.258,0.903,4.1,0.218,0.436,1.98,0.192,0.288,1.31,0.238,0.714,3.25,0.344,0.687,3.12
2026-09-18T07:00:00,17.0,85,cloudy,autumn,0,weekday,commute,0.34,none,5.408,24.58,220.0,normal,none,none,none,1.0,0.0,0,0,0,none,0,0.0,none,0.0,,0.207,0.31,1.41,0.736,0.589,2.68,0.131,0.459,2.09,0.458,0.915,4.16,0.191,0.667,3.03,0.493,0.986,4.48,0.307,0.461,2.1,0.157,0.471,2.14,0.275,0.55,2.5
2026-09-18T08:00:00,18.0,80,cloudy,autumn,0,weekday,commute,0.34,none,5.538,25.17,220.0,normal,none,none,none,1.0,0.0,0,0,0,none,0,0.0,none,0.0,,0.603,0.904,4.11,0.744,0.595,2.7,0.041,0.144,0.65,0.377,0.753,3.42,0.183,0.64,2.91,0.334,0.667,3.03,0.487,0.731,3.32,0.14,0.419,1.9,0.343,0.685,3.11
2026-09-18T09:00:00,19.0,80,cloudy,autumn,0,weekday,work_am,0.82,none,4.804,21.84,220.0,normal,none,none,none,1.0,0.0,0,0,0,none,0,0.0,none,0.0,,0.493,0.739,3.36,0.173,0.138,0.63,0.226,0.791,3.6,0.312,0.624,2.84,0.258,0.902,4.1,0.135,0.27,1.23,0.211,0.317,1.44,0.282,0.846,3.85,0.088,0.177,0.8
2026-09-18T10:00:00,21.0,75,partly_cloudy,autumn,0,weekday,work_am,0.86,none,5.53,25.14,220.0,normal,none,none,none,1.0,0.0,0,0,0,none,0,0.0,none,0.0,,0.107,0.16,0.73,1.146,0.917,4.17,0.277,0.97,4.41,0.341,0.682,3.1,0.085,0.296,1.35,0.455,0.91,4.14,0.391,0.587,2.67,0.201,0.602,2.74,0.203,0.406,1.85
2026-09-18T11:00:00,22.0,70,partly_cloudy,autumn,0,weekday,work_am,0.86,meeting,5.323,24.2,220.0,normal,none,none,none,1.0,0.0,0,0,0,none,0,0.0,none,0.0,,0.199,0.298,1.35,1.047,0.838,3.81,0.188,0.659,3.0,0.418,0.836,3.8,0.078,0.272,1.24,0.16,0.32,1.45,0.557,0.836,3.8,0.24,0.719,3.27,0.273,0.545,2.48
2026-09-18T12:00:00,24.0,65,partly_cloudy,autumn,0,weekday,lunch,0.54,none,5.845,26.57,220.0,normal,none,none,none,1.0,0.0,0,0,0,none,0,0.0,none,0.0,,0.657,0.986,4.48,0.717,0.574,2.61,0.2,0.7,3.18,0.172,0.344,1.56,0.282,0.986,4.48,0.201,0.402,1.83,0.421,0.632,2.87,0.142,0.425,1.93,0.398,0.796,3.62
2026-09-18T13:00:00,24.0,65,partly_cloudy,autumn,0,weekday,work_pm,0.92,none,6.002,27.28,220.0,normal,none,none,none,1.0,0.0,0,0,0,none,0,0.0,none,0.0,,0.493,0.74,3.36,0.214,0.171,0.78,0.274,0.958,4.35,0.443,0.886,4.03,0.114,0.398,1.81,0.422,0.844,3.84,0.391,0.587,2.67,0.264,0.792,3.6,0.313,0.626,2.85
2026-09-18T14:00:00,25.0,60,partly_cloudy,autumn,0,weekday,work_pm,0.91,none,5.264,23.93,220.0,normal,none,none,none,1.0,0.0,0,0,0,none,0,0.0,none,0.0,,0.253,0.38,1.73,0.696,0.557,2.53,0.183,0.642,2.92,0.099,0.198,0.9,0.181,0.634,2.88,0.484,0.968,4.4,0.171,0.256,1.16,0.275,0.826,3.75,0.402,0.803,3.65
2026-09-18T15:00:00,25.0,60,clear,autumn,0,weekday,work_pm,0.82,meeting,4.185,19.02,220.0,normal,none,none,none,1.0,0.0,0,0,0,none,0,0.0,none,0.0,,0.375,0.563,2.56,0.57,0.456,2.07,0.114,0.398,1.81,0.117,0.235,1.07,0.224,0.785,3.57,0.324,0.647,2.94,0.109,0.163,0.74,0.13,0.391,1.78,0.274,0.547,2.49
2026-09-18T16:00:00,25.0,65,clear,autumn,0,weekday,work_pm,0.86,none,5.875,26.7,220.0,normal,none,none,none,1.0,0.0,0,0,0,none,0,0.0,none,0.0,,0.511,0.766,3.48,0.951,0.761,3.46,0.167,0.585,2.66,0.226,0.452,2.05,0.21,0.734,3.34,0.302,0.605,2.75,0.605,0.908,4.13,0.247,0.741,3.37,0.162,0.323,1.47
2026-09-18T17:00:00,23.0,65,cloudy,autumn,0,weekday,work_pm,0.93,none,4.513,20.51,220.0,normal,none,none,none,1.0,0.0,0,0,0,none,0,0.0,none,0.0,,0.087,0.131,0.6,0.951,0.761,3.46,0.129,0.452,2.05,0.077,0.154,0.7,0.096,0.337,1.53,0.299,0.599,2.72,0.607,0.911,4.14,0.255,0.764,3.47,0.202,0.404,1.84
2026-09-18T18:00:00,22.0,70,clear,autumn,0,weekday,evening,0.18,none,4.22,19.18,220.0,normal,none,none,none,1.0,0.0,0,0,0,none,0,0.0,none,0.0,,0.392,0.588,2.67,0.517,0.414,1.88,0.169,0.593,2.7,0.213,0.427,1.94,0.053,0.187,0.85,0.309,0.618,2.81,0.085,0.128,0.58,0.259,0.778,3.54,0.243,0.487,2.21
2026-09-18T19:00:00,20.0,70,clear,autumn,0,weekday,evening,0.23,overtime,3.35,15.23,220.0,normal,none,none,none,1.0,0.0,0,0,0,none,0,0.0,none,0.0,,0.261,0.391,1.78,0.963,0.77,3.5,0.045,0.159,0.72,0.155,0.31,1.41,0.046,0.161,0.73,0.12,0.24,1.09,0.421,0.631,2.87,0.048,0.144,0.65,0.272,0.544,2.47
2026-09-18T20:00:00,20.0,70,clear,autumn,0,weekday,evening,0.15,none,5.162,23.46,220.0,normal,none,none,none,1.0,0.0,0,0,0,none,0,0.0,none,0.0,,0.444,0.666,3.03,1.105,0.884,4.02,0.16,0.559,2.54,0.384,0.768,3.49,0.087,0.306,1.39,0.286,0.572,2.6,0.201,0.301,1.37,0.204,0.613,2.79,0.246,0.493,2.24
2026-09-18T21:00:00,19.0,75,clear,autumn,0,weekday,evening,0.27,none,4.788,21.76,220.0,normal,none,none,none,1.0,0.0,0,0,0,none,0,0.0,none,0.0,,0.389,0.584,2.65,0.531,0.425,1.93,0.103,0.362,1.65,0.266,0.531,2.41,0.218,0.763,3.47,0.073,0.147,0.67,0.664,0.996,4.53,0.038,0.115,0.52,0.432,0.865,3.93
2026-09-18T22:00:00,19.0,80,clear,autumn,0,weekday,night,0.04,none,4.434,20.15,220.0,normal,none,none,none,1.0,0.0,0,0,0,none,0,0.0,none,0.0,,0.232,0.348,1.58,1.056,0.845,3.84,0.073,0.256,1.16,0.241,0.482,2.19,0.183,0.64,2.91,0.08,0.16,0.73,0.335,0.503,2.29,0.192,0.577,2.62,0.311,0.623,2.83
2026-09-18T23:00:00,18.0,80,clear,autumn,0,weekday,night,0.0,none,4.204,19.11,220.0,normal,none,none,none,1.0,0.0,0,0,0,none,0,0.0,none,0.0,,0.336,0.504,2.29,0.456,0.365,1.66,0.161,0.565,2.57,0.308,0.616,2.8,0.117,0.408,1.85,0.228,0.455,2.07,0.324,0.486,2.21,0.22,0.659,3.0,0.073,0.146,0.66
2026-09-19T00:00:00,16.0,60,clear,autumn,0,weekend,night,0.04,none,4.797,21.8,220.0,normal,none,none,none,1.0,0.0,0,0,0,none,0,0.0,none,0.0,,0.367,0.55,2.5,0.971,0.777,3.53,0.038,0.133,0.6,0.376,0.752,3.42,0.095,0.331,1.5,0.486,0.973,4.42,0.421,0.632,2.87,0.118,0.353,1.6,0.148,0.296,1.35
2026-09-19T01:00:00,16.0,60,clear,autumn,0,weekend,night,0.01,none,4.671,21.23,220.0,normal,none,none,none,1.0,0.0,0,0,0,none,0,0.0,none,0.0,,0.657,0.986,4.48,0.185,0.148,0.67,0.086,0.301,1.37,0.068,0.135,0.61,0.186,0.65,2.95,0.112,0.223,1.01,0.485,0.728,3.31,0.293,0.88,4.0,0.31,0.62,2.82
2026-09-19T02:00:00,16.0,60,clear,autumn,0,weekend,night,0.0,none,4.531,20.6,220.0,normal,none,none,none,1.0,0.0,0,0,0,none,0,0.0,none,0.0,,0.375,0.562,2.55,0.881,0.705,3.2,0.054,0.19,0.86,0.283,0.566,2.57,0.258,0.904,4.11,0.185,0.371,1.69,0.425,0.638,2.9,0.147,0.441,2.0,0.077,0.154,0.7
2026-09-19T03:00:00,16.0,60,clear,autumn,0,weekend,night,0.0,none,4.534,20.61,220.0,normal,none,none,none,1.0,0.0,0,0,0,none,0,0.0,none,0.0,,0.123,0.185,0.84,0.63,0.504,2.29,0.103,0.362,1.65,0.482,0.965,4.39,0.109,0.38,1.73,0.483,0.967,4.4,0.133,0.199,0.9,0.076,0.228,1.04,0.372,0.744,3.38
2026-09-19T04:00:00,16.0,60,clear,autumn,0,weekend,night,0.0,none,3.939,17.9,220.0,normal,none,none,none,1.0,0.0,0,0,0,none,0,0.0,none,0.0,,0.079,0.118,0.54,0.185,0.148,0.67,0.193,0.677,3.08,0.229,0.458,2.08,0.223,0.779,3.54,0.399,0.797,3.62,0.158,0.237,1.08,0.175,0.524,2.38,0.101,0.201,0.91
2026-09-19T05:00:00,16.0,60,clear,autumn,0,weekend,night,0.02,none,5.364,24.38,220.0,normal,none,none,none,1.0,0.0,0,0,0,none,0,0.0,none,0.0,,0.469,0.703,3.2,0.569,0.455,2.07,0.074,0.258,1.17,0.321,0.641,2.91,0.286,1.0,4.55,0.231,0.462,2.1,0.333,0.499,2.27,0.203,0.61,2.77,0.368,0.736,3.35
2026-09-19T06:00:00,16.0,60,clear,autumn,0,weekend,night,0.05,none,4.58,20.82,220.0,normal,none,none,none,1.0,0.0,0,0,0,none,0,0.0,none,0.0,,0.665,0.997,4.53,0.359,0.287,1.3,0.154,0.538,2.45,0.206,0.413,1.88,0.096,0.335,1.52,0.343,0.685,3.11,0.238,0.357,1.62,0.196,0.587,2.67,0.191,0.381,1.73
2026-09-19T07:00:00,16.0,60,clear,autumn,0,weekend,commute,0.02,none,4.796,21.8,220.0,normal,none,none,none,1.0,0.0,0,0,0,none,0,0.0,none,0.0,,0.279,0.418,1.9,0.269,0.215,0.98,0.149,0.523,2.38,0.408,0.816,3.71,0.214,0.75,3.41,0.142,0.285,1.3,0.161,0.242,1.1,0.191,0.574,2.61,0.486,0.973,4.42
